id,title,description,availability,condition,price,link,image_link,brand,sale_price,item_group_id,product_type,google_product_category
6a70100404e7df229a03f687,AutoCAD 2026 All Toolsets | Professional Edition,"100% Digital Delivery Within 24 Hours After Purchase. This product will provide access to AutoCAD All Toolsets 2026 for 1 year. AutoCAD All Toolsets 2026 is a complete professional CAD design solution that includes specialized toolsets for architecture, mechanical design, electrical engineering, MEP systems, mapping, 3D design, and advanced drafting workflows. After purchasing this product, you will receive account details that can be used to access Autodesk services, download, install, and activate AutoCAD All Toolsets 2026. This is a multilingual license valid for 1 year only. For any support, assistance, or queries, contact us via WhatsApp at +447520642304. AutoCAD All Toolsets 2026 License is a complete CAD design solution developed by Autodesk for professionals who require advanced drafting, modeling, and documentation capabilities. It combines multiple specialized toolsets into one powerful platform, allowing architects, engineers, designers, and industry professionals to handle various design requirements efficiently. With AutoCAD All Toolsets 2026, users can access dedicated tools for architecture, mechanical design, electrical engineering, MEP systems, mapping, plant design, and 3D modeling. These specialized features help create accurate technical drawings, detailed designs, construction documents, and professional project layouts. The software provides advanced drafting capabilities, intelligent design tools, automation features, and improved workflow management to help users complete projects faster and with greater accuracy. Whether you are working on building designs, engineering drawings, manufacturing projects, or infrastructure planning, AutoCAD All Toolsets 2026 offers the flexibility and precision required for professional results.",in stock,new,79.00 USD,https://www.esoftwarestore.com/product/autocad-2026-all-toolsets-professional-edition,https://www.esoftwarestore.com/logo.svg,eSoftware Store,29.00 USD,,Windows,Software > Computer Software
6a65fbcb8ff00e4aa6a98922,AutoCAD 2027 For Mac| 1-Year Student License,"-100% Digital Delivery Within 24 Hrs After purchase. -Product will Activate AutoCAD 2027 1year Student License. -Yes It can be Installed in Mac OS Only Before Buying Please check Compatible MacOS already installed on your computer. -It is Multilingual Office package you can install available language or your choice. -Subscription will be assigned on your email by which you had purchased the product. -Product is for Mac OS Compatible version. Autodesk AutoCAD 2027 for Mac (1 Mac / 1 Year Student Subscription)Designed explicitly for high-school, college, and university students in engineering, architecture, and design fields, Autodesk AutoCAD 2027 for Mac brings full-featured drafting and 3D modeling capabilities natively to macOS. Tailored for academic learning and portfolio development, this educational license grants access to powerful AI guidance, cloud-connected collaboration tools, and custom macOS gestures—all integrated into Apple's ecosystem.Key Features & HighlightsStudent / Educational License: Full 1-year academic subscription designed for active students and educators to learn industry-standard CAD design.Apple Silicon Native Optimization: Harnesses the full power of Apple M-series chips (M1, M2, M3, M4) alongside Intel-based Macs for ultra-fast performance and battery efficiency.Autodesk AI Guidance: Use conversational prompts with the Autodesk Assistant to check drawings and automatically validate geometry against drafting rules.Automated Geometry Cleanup: Easily identify and repair common drawing errors such as gaps, overshoots, and unaligned corners in a few clicks.Parallel Cloud Collaboration: Use Checkout in Forma Data Management to edit shared DWG geometries simultaneously without file locking or version conflicts.Native macOS User Experience: Supports Dark Mode, dynamic Multi-Touch gestures, and high-resolution Apple Retina displays.Included Features & WorkflowsFeatureStudent BenefitGeometry CleanupAutomatically resolves drafting errors and aligns geometry.Autodesk Assistant (AI)Prompts real-time checks to learn and apply CAD standards.Metal Graphics AccelerationSmoother 3D rendering and fast navigation on Mac displays.Cloud DWG CheckoutWork simultaneously with classmates on shared team project files.Connected Support FilesSynchronize custom tool palettes and external Xrefs across devices.",in stock,new,135.00 USD,https://www.esoftwarestore.com/product/autocad-2027-for-mac-1-year-student-license,https://esoftwarestore-api.onrender.com/uploads/products/1785068481796-cb337a7f396d.jpg,eSoftware Store,32.00 USD,,Windows,Software > Computer Software
6a65f9558ff00e4aa6a988e9,AutoCAD 2027 For Windows | 1-Year Student License,"-100% Digital Delivery Within 24 Hrs After purchase. -Product will Activate AutoCAD 2027 1year Student License. -Yes It can be Installed in Windows 10 & Windows 11 Before Buying Please check eighter Windows 10 or Windows 11 already installed on your computer. -It is Multilingual Office package you can install available language or your choice. -Subscription will be assigned on your email by which you had purchased the product. -Product is not for Mac OS any version. Autodesk AutoCAD 2027 for Windows (1 PC / Student Subscription License)Accelerate your design workflow with Autodesk AutoCAD 2027. Built for architects, engineers, CAD managers, and construction professionals, AutoCAD 2027 delivers cutting-edge AI guidance, automated drawing cleanup, and cloud-connected collaboration tools. Power your 2D drafting and 3D design projects on Windows with precision and efficiency.Key Features & HighlightsAutodesk AI & Intelligent Guidance: Leverage conversational AI prompts via the Autodesk Assistant to validate drawings automatically against your custom CAD standards.Automated Geometry Cleanup: Detect and fix geometry errors—including gaps, overshoots, and non-aligned corners—reducing tedious manual cleanup tasks.Forma Data Management Essentials: Cloud-enabled file management integrated directly into AutoCAD for seamless team file access, markup, and issue tracking.Checkout Collaboration: Work on specific geometry in shared DWG files simultaneously without locking entire drawings or creating file version conflicts.Connected References & Support Files: Automatically repair missing external references (Xrefs) and synchronize tool palettes across teams.3D Performance & Visualization: Enhanced Graphics System Framework (GSF) support for faster 3D navigation, realistic visual styles, lighting, and materials.Instant Digital Delivery: Instant email receipt of your official serial key along with Autodesk installation and account setup guides.Key Workflows & ToolsFeaturePrimary BenefitGeometry CleanupAutomatically identifies and fixes drawing geometry errors.Autodesk Assistant (AI)Prompts conversational checks for CAD standards and drawing guidance.Checkout WorkflowAllows parallel multi-user editing on shared cloud DWG files without locks.Connected ReferencesAutomatically detects and repairs moved/renamed external Xrefs.Smart Blocks & Markup AssistEasily place, replace, and process design feedback dynamically.System RequirementsOperating System: 64-bit Microsoft Windows 11 or Windows 10 (version 1809 or higher).Processor: 2.5–2.9 GHz processor (3.0+ GHz or faster recommended).Memory (RAM): 8 GB minimum (16 GB or higher recommended).Storage: 10.0 GB available disk space (SSD recommended).Graphics: 1 GB GPU with 29 GB/s Bandwidth and DirectX 11 compliant (8 GB GPU with 106 GB/s Bandwidth and DirectX 12 compliant recommended for 3D/4K).Display Resolution: 1920 x 1080 True Color (Up to 3840 x 2160 ""4K"" supported on capable displays).",in stock,new,200.00 USD,https://www.esoftwarestore.com/product/autocad-2027-for-windows-1-year-student-license,https://esoftwarestore-api.onrender.com/uploads/products/1785068584532-19ecb66b968c.jpg,eSoftware Store,29.00 USD,,Windows,Software > Computer Software
6a6d77a64d4d421e9716fa8b,AutoCAD Architecture 2026 | Latest Version,"-100% Digital Delivery Within 24 Hours After Purchase. -This product will provide access to Autodesk Architecture 2026 for 1 year. -Autodesk Architecture 2026 is a professional architectural design and BIM software designed for architects, designers, and construction professionals to create detailed building models, floor plans, documentation, and advanced architectural projects. -After purchasing this product, you will receive account details that can be used to access Autodesk services, download, install, and activate Autodesk Architecture 2026. -This is a multilingual license valid for 1 year only. -For any support, assistance, or queries, contact us via WhatsApp at +447520642304. AutoCAD Architecture 2026 License is a powerful architectural CAD and BIM software designed for architects, engineers, and building design professionals. It provides specialized tools that help users create detailed floor plans, elevations, sections, construction documents, and professional architectural models with improved accuracy and efficiency. Built on the trusted AutoCAD platform, AutoCAD Architecture includes intelligent architectural objects, automated documentation tools, and advanced drafting features that simplify the design process. Professionals can create walls, doors, windows, spaces, and building components while maintaining accurate project documentation throughout the workflow. AutoCAD Architecture 2026 is ideal for residential, commercial, and large-scale architectural projects. It helps architects visualize designs, improve collaboration, and produce high-quality drawings required for planning and construction.",in stock,new,79.00 USD,https://www.esoftwarestore.com/product/autocad-architecture-2026-latest-version,https://www.esoftwarestore.com/logo.svg,eSoftware Store,29.00 USD,,Windows,Software > Computer Software
6a6d7ac34d4d421e9716fab6,AutoCAD Electrical 2026 | Professional Edition,"-100% Digital Delivery Within 24 Hours After Purchase. -This product will provide access to Autodesk AutoCAD Electrical 2026 for 1 year. -Autodesk AutoCAD Electrical 2026 is a professional electrical CAD design software developed for electrical engineers, automation professionals, and designers to create electrical schematics, wiring diagrams, control panel layouts, and technical documentation. -After purchasing this product, you will receive account details that can be used to access Autodesk services, download, install, and activate Autodesk AutoCAD Electrical 2026. -This is a multilingual license valid for 1 year only. -For any support, assistance, or queries, contact us via WhatsApp at +447520642304. Autodesk AutoCAD Electrical 2026 License is a professional electrical design and documentation software developed for electrical engineers, control system designers, automation professionals, and manufacturing industries. Built on the trusted AutoCAD platform, it provides specialized tools for creating accurate electrical schematics, wiring diagrams, panel layouts, and engineering documentation. With Autodesk AutoCAD Electrical 2026, users can design complex electrical systems with improved accuracy and efficiency. The software includes intelligent electrical symbols, automated wire numbering, component tagging, PLC design tools, and extensive libraries that help streamline the complete electrical design workflow. AutoCAD Electrical 2026 is ideal for industries such as industrial automation, robotics, manufacturing, machine design, and control engineering. It helps professionals reduce repetitive drafting tasks, maintain project consistency, and create high-quality documentation required for installation and production. This complete guide covers Autodesk AutoCAD Electrical 2026 features, benefits, installation process, system requirements, and professional workflow tips. Whether you are an experienced electrical engineer or a CAD professional, this software provides powerful tools to simplify complex electrical design challenges.",in stock,new,79.00 USD,https://www.esoftwarestore.com/product/autocad-electrical-2026-professional-edition,https://www.esoftwarestore.com/logo.svg,eSoftware Store,29.00 USD,,Windows,Software > Computer Software
6a700df704e7df229a03f65c,AutoCAD MEP 2026 | Latest Version,"-100% Digital Delivery Within 24 Hours After Purchase. -This product will provide access to Autodesk AutoCAD MEP for 1 year. -Autodesk AutoCAD MEP is a professional MEP (Mechanical, Electrical, and Plumbing) design software developed for engineers, architects, and building professionals to create accurate HVAC, electrical, plumbing, and building system designs. -After purchasing this product, you will receive account details that can be used to access Autodesk services, download, install, and activate Autodesk AutoCAD MEP. -This is a multilingual license valid for 1 year only. -For any support, assistance, or queries, contact us via WhatsApp at +447520642304. Autodesk AutoCAD MEP 2026 License is a professional building systems design software developed for architects, engineers, contractors, and MEP specialists. It provides advanced tools for creating detailed mechanical, electrical, and plumbing designs while improving accuracy and efficiency throughout the building design process. With AutoCAD MEP 2026, users can create intelligent HVAC layouts, electrical drawings, plumbing designs, and construction documentation using specialized MEP components and drafting tools. The software helps professionals manage complex building systems while maintaining industry standards and improving project coordination. AutoCAD MEP is widely used in architecture, construction, engineering, and facility management industries. Its powerful features support better collaboration between architects, engineers, and contractors by providing accurate digital representations of building systems.",in stock,new,79.00 USD,https://www.esoftwarestore.com/product/autocad-mep-2026-latest-version,https://www.esoftwarestore.com/logo.svg,eSoftware Store,29.00 USD,,Windows,Software > Computer Software
6a6d72f64d4d421e9716f9ba,Autocad Mechanical 2026 | Licence,"-100% Digital Delivery Within 24 Hours After Purchase. -This product will provide access to Autodesk Maya LT for 1 year. -Autodesk Maya LT is a professional 3D modeling and animation software designed for game developers, artists, and creative professionals to create high-quality 3D assets, characters, environments, and animations. -After purchasing this product, you will receive account details that can be used to access Autodesk services, download, install, and activate Autodesk Maya LT. -This is a multilingual license valid for 1 year only. -For any support, assistance, or queries, contact us via WhatsApp at +447520642304. AutoCAD Mechanical 2026 License is a professional CAD software solution designed specifically for mechanical engineers, designers, and manufacturing specialists. Built on the trusted AutoCAD platform, it provides advanced tools for creating accurate mechanical drawings, detailed documentation, and efficient design workflows. With AutoCAD Mechanical, users can create precise 2D mechanical designs, automate repetitive drafting tasks, and improve productivity with specialized mechanical design features. The software includes extensive component libraries, mechanical standards support, dimensioning tools, and drafting automation capabilities that help professionals create high-quality engineering drawings faster. AutoCAD Mechanical 2026 is ideal for industries such as manufacturing, product development, engineering, and industrial design. It helps users prepare detailed layouts, assembly drawings, mechanical components, and technical documentation while maintaining accuracy and consistency.",in stock,new,79.00 USD,https://www.esoftwarestore.com/product/autocad-mechanical-2026-licence,https://www.esoftwarestore.com/logo.svg,eSoftware Store,29.00 USD,,Windows,Software > Computer Software
6a698ed9e94b3dc909510a00,Autodesk 3dsMax 2027  For Windows| 1-Year | Student License,"-100% Digital Delivery Within 24 Hours After Purchase. -Product will activate Autodesk 3ds Max 2027 for Windows with a 1-Year Student License for professional 3D modelling, animation, rendering, and design learning purposes. -Compatible with supported Windows operating systems and designed for students, learners, designers, architects, and aspiring 3D artists. -On purchase of this product, you will receive the required Autodesk 3ds Max 2027 Student License activation details/license information to download, install, and access the software. -Autodesk 3ds Max 2027 Student License provides a powerful platform for creating 3D models, animations, visual effects, architectural designs, and realistic renders. -This is a multilingual license, allowing users to use Autodesk 3ds Max 2027 in their preferred supported language. -Suitable for students, educators, animation learners, game designers, architects, and creative professionals who want to develop advanced 3D design and visualization skills. -For any support, assistance, or queries, contact our customer support team via WhatsApp: +447520642304. Autodesk 3ds Max 2027 Student License for Windows is a professional 3D modelling, animation, and rendering software solution designed for students, creative learners, designers, architects, and aspiring 3D artists. It provides an advanced environment for exploring 3D design, visualization, animation, and digital content creation. With a 1-year student license, Autodesk 3ds Max 2027 allows learners to develop practical skills using industry-standard 3D design tools. It is suitable for educational projects, animation practice, architectural visualization, game design learning, and creative experiments. Designed for Windows users, Autodesk 3ds Max 2027 helps students create detailed 3D models, realistic visualizations, and professional-quality animations. It provides a reliable platform for learning modern workflows used in the entertainment, architecture, and design industries. This student license is an excellent choice for individuals who want to improve their 3D modelling abilities, understand professional design techniques, and build experience with advanced visualization software. Whether you are studying animation, engineering, architecture, or digital arts, Autodesk 3ds Max 2027 Student License for Windows provides the tools needed to explore creativity and develop technical skills.",in stock,new,200.00 USD,https://www.esoftwarestore.com/product/autodesk-3dsmax-2027-for-windows-1-year-student-license,https://esoftwarestore-api.onrender.com/uploads/products/1785482598764-e85d4969f625.jpg,eSoftware Store,29.00 USD,,Windows,Software > Computer Software
6a6ade77f6f4ea24c076f92a,Autodesk AEC Collection 2026 For Windows | 1 Yrs | Student Licence,"-100% Digital Delivery Within 24 Hrs After purchase -Product will Activate Autodesk AEC Collection for 1 year.It will Work with Windows -On purchase of this Product You will get Random Account that you can use at autodesk.com and from there you can download and install Product -It is multilingual License for 1 Year only - For any Support, Help or queries contact us by WhatsApp on +447520642304. Autodesk AEC Collection 2026 is a comprehensive software suite designed for professionals in architecture, engineering, and construction (AEC). It brings together industry-leading tools such as Revit, AutoCAD, Civil 3D, Navisworks Manage, InfraWorks, 3ds Max, and more, enabling teams to design, analyze, visualize, and manage projects from concept to completion. Whether you're creating detailed building designs, planning infrastructure projects, or coordinating multidisciplinary workflows, the AEC Collection provides the integrated tools needed to improve productivity and collaboration. With powerful Building Information Modeling (BIM) capabilities, advanced drafting features, and cloud-based collaboration support, users can streamline project delivery, reduce errors, and make informed decisions throughout every stage of construction. The collection supports architects, structural engineers, MEP professionals, civil engineers, and construction managers by offering a unified platform for design, simulation, documentation, and project coordination. Enhanced interoperability allows seamless data sharing across Autodesk applications, helping teams work more efficiently and deliver high-quality results on time. Autodesk AEC Collection 2026 is an ideal solution for organizations looking to modernize their design workflows, improve project accuracy, and accelerate innovation. Whether you're working on residential, commercial, industrial, or infrastructure projects, this all-in-one collection equips your team with the professional tools required to meet today's complex design and construction challenges.",in stock,new,298.00 USD,https://www.esoftwarestore.com/product/autodesk-aec-collection-2026-for-windows-1-yrs-student-licence,https://esoftwarestore-api.onrender.com/uploads/products/1785482889904-3c5210f39f3f.jpg,eSoftware Store,40.00 USD,,Windows,Software > Computer Software
6a6c31bf051268437fe14d89,Autodesk Advance Steel 2026 | Latest Version,"-100% Digital Delivery Within 24 Hours After Purchase. -This product will provide access to Autodesk Advance Steel for 1 year. -Autodesk Advance Steel is a professional 3D steel detailing and BIM software designed for structural engineers, fabricators, and construction professionals to create accurate steel models, fabrication drawings, and documentation. -After purchasing this product, you will receive account details that can be used to access Autodesk services, download, install, and activate Autodesk Advance Steel. -This is a multilingual license valid for 1 year only. -For any support, assistance, or queries, contact us via WhatsApp at +447520642304. Autodesk Advance Steel 2026 is a professional 3D steel detailing and BIM software solution developed for structural engineers, steel fabricators, architects, and construction specialists. It provides powerful tools to create detailed steel structures, generate fabrication drawings, and manage complete steel construction workflows efficiently. With Autodesk Advance Steel, users can design complex steel structures, create accurate 3D models, automate detailing tasks, and produce precise documentation required for fabrication and installation. The software includes advanced modeling capabilities, intelligent connections, material management, and BIM collaboration features that help improve productivity and reduce design errors. After purchase, you will receive 100% digital delivery within 24 hours with access details to download, install, and activate Autodesk Advance Steel. The product includes a 1-year multilingual license suitable for professionals worldwide.",in stock,new,210.00 USD,https://www.esoftwarestore.com/product/autodesk-advance-steel-2026-latest-version,https://esoftwarestore-api.onrender.com/uploads/products/1785485224967-6acefd540042.jpg,eSoftware Store,39.00 USD,,Windows,Software > Computer Software
6a716438b944849b6bc6ccbb,Autodesk Alias Studio 2026 | Professional Edition,"-100% Digital Delivery Within 24 Hours After Purchase -Get quick and secure access to Autodesk Alias Studio 2026 Professional Edition with digital delivery after your purchase. -This product provides access to Autodesk Alias Studio 2026, a professional industrial and automotive design software used for advanced 3D concept design, Class-A surface modeling, and high-quality visualization. -Designed for automotive designers, engineers, product designers, and creative professionals who need powerful tools for creating precision-based 3D surfaces and innovative designs. -Compatible with Windows operating systems for professional design workflows and advanced modeling projects. -After purchase, you will receive the required account details and instructions to download and install Autodesk Alias Studio 2026 Professional Edition. -Supports a multilingual interface for a better global user experience. -License validity: 1 year only. -Ideal for automotive styling, industrial design, product development, concept modeling, and professional 3D visualization. -For any support, installation assistance, or queries, contact us via WhatsApp: +447520642304. Autodesk Alias Studio 2026 Professional Edition is an advanced industrial design and 3D surface modeling software created for automotive designers, engineers, and creative professionals. It provides powerful tools for developing high-quality Class-A surfaces, concept designs, and detailed 3D models used in automotive styling, product development, and professional visualization. With Autodesk Alias Studio 2026, designers can create innovative vehicle concepts, refine surface details, and develop visually impressive designs with accuracy and flexibility. The software offers a professional environment for sketching, modeling, surfacing, and evaluating complex designs before production. This edition is ideal for automotive manufacturers, industrial designers, engineering teams, and creative studios looking for advanced design capabilities. Users can improve their workflow with precision modeling tools, advanced surface creation features, and efficient design processes. With this product, you receive 1-year license access along with 100% digital delivery within 24 hours after purchase. The software supports a multilingual interface and provides a professional platform for Windows users.",in stock,new,79.00 USD,https://www.esoftwarestore.com/product/autodesk-alias-studio-2026-professional-edition,https://www.esoftwarestore.com/logo.svg,eSoftware Store,29.00 USD,,Windows,Software > Computer Software
6a716d80b944849b6bc6cd7a,Autodesk Arnold | Latest Version,"-100% Digital Delivery Within 24 Hours After Purchase -Get fast and secure access to Autodesk Arnold with digital delivery after your purchase. -This product provides access to Autodesk Arnold, a powerful professional rendering software designed for artists, animators, architects, and VFX professionals. -Create photorealistic renders, cinematic visual effects, realistic lighting, detailed materials, and high-quality 3D visuals using advanced rendering technology. -Designed for film studios, game developers, 3D artists, architects, and creative professionals who need industry-standard rendering tools for professional projects. -Compatible with Windows and macOS systems for flexible creative workflows. -After purchase, you will receive the required account details and instructions to download and install Autodesk Arnold. -Supports a multilingual interface for a convenient global user experience. -License validity: 1 year only. -Ideal for animation, visual effects, architectural visualization, product design, and professional 3D rendering projects. -For any support, installation assistance, or queries, contact us via WhatsApp: +447520642304. Autodesk Arnold is an advanced professional rendering solution built for artists, filmmakers, animators, architects, and visual effects professionals who require high-quality and realistic image production. With powerful rendering technology, Arnold helps creators develop photorealistic scenes, cinematic visuals, detailed materials, and impressive lighting effects for professional projects. Designed for demanding creative workflows, Autodesk Arnold provides advanced features such as ray tracing, GPU and CPU rendering support, realistic shading, and accurate light simulation. It is widely used in industries including film production, animation, gaming, architectural visualization, and product design. Whether you are creating movie-quality visual effects, animated characters, 3D environments, or realistic product presentations, Arnold delivers the performance and flexibility needed for professional results. Its efficient workflow and powerful rendering tools help artists achieve greater creativity and productivity. With this product, you receive 1-year license access along with 100% digital delivery within 24 hours after purchase. Autodesk Arnold supports a multilingual interface and provides compatibility with Windows and macOS systems.",in stock,new,79.00 USD,https://www.esoftwarestore.com/product/autodesk-arnold-latest-version,https://www.esoftwarestore.com/logo.svg,eSoftware Store,29.00 USD,,Windows,Software > Computer Software
6a72be014a9fbc0e9f6449fe,Autodesk AutoCAD Mac Edition,"-100% Digital Delivery Within 24 Hours After Purchase -Get fast and secure access to Autodesk AutoCAD Mac Edition with digital delivery after your purchase. -This product provides access to Autodesk AutoCAD for Mac, a professional CAD design solution built for architects, engineers, designers, and creative professionals working on macOS systems. -Create accurate 2D drawings, detailed documentation, 3D models, and professional design projects with powerful drafting and modeling tools. -Designed for professionals in architecture, engineering, construction, manufacturing, product design, and technical industries. -Experience advanced CAD workflows with precision tools, customizable features, and industry-standard design capabilities. -After purchase, you will receive the required account details and instructions to download and install Autodesk AutoCAD Mac Edition. -Supports a multilingual interface for a convenient global user experience. -License validity: 1 year only. -Ideal for architects, engineers, students, designers, and businesses requiring professional CAD software on Mac devices. -For any support, installation assistance, or queries, contact us via WhatsApp: +447520642304. Autodesk AutoCAD Mac Edition is a powerful computer-aided design (CAD) software solution created for architects, engineers, designers, and professionals who need reliable drafting and modeling tools on macOS. It provides advanced features for creating precise 2D drawings, technical documentation, and detailed 3D models for professional projects. With AutoCAD for Mac, users can design, modify, and visualize projects across various industries, including architecture, construction, engineering, manufacturing, interior design, and product development. The software offers accurate drafting tools, customizable workflows, and professional design capabilities that help improve efficiency and project quality. Autodesk AutoCAD Mac Edition allows professionals to create detailed layouts, technical drawings, and complex designs with industry-standard CAD technology. Its intuitive interface and powerful tools make it suitable for both experienced designers and professionals upgrading their workflow. This product includes 1-year license access with 100% digital delivery within 24 hours after purchase. Autodesk AutoCAD Mac Edition supports a multilingual interface and provides a professional environment for modern design requirements.",in stock,new,79.00 USD,https://www.esoftwarestore.com/product/autodesk-autocad-mac-edition,https://www.esoftwarestore.com/logo.svg,eSoftware Store,29.00 USD,,Windows,Software > Computer Software
6a6d7dbc4d4d421e9716fae2,Autodesk AutoCAD Map 3D 2026 | Professional Edition,"-100% Digital Delivery Within 24 Hours After Purchase. -This product will provide access to Autodesk AutoCAD Map 3D 2026 for 1 year. -Autodesk AutoCAD Map 3D 2026 is a professional GIS mapping and CAD design software designed for engineers, planners, surveyors, and mapping professionals to create, manage, analyze, and visualize geospatial data with advanced mapping tools. -After purchasing this product, you will receive account details that can be used to access Autodesk services, download, install, and activate Autodesk AutoCAD Map 3D 2026. -This is a multilingual license valid for 1 year only. -For any support, assistance, or queries, contact us via WhatsApp at +447520642304. Autodesk AutoCAD Map 3D 2026 License is a professional GIS mapping and CAD design software developed for engineers, surveyors, planners, infrastructure professionals, and geospatial specialists. It combines powerful CAD capabilities with advanced GIS tools to help users create accurate maps, manage spatial data, and analyze geographic information efficiently. With AutoCAD Map 3D 2026, professionals can integrate different types of mapping data, create detailed infrastructure designs, and improve decision-making through advanced visualization and data management tools. The software supports professional workflows for utilities, transportation planning, land development, environmental projects, and engineering applications. Key features include GIS data integration, coordinate system support, mapping tools, CAD drafting capabilities, and advanced data analysis options. These features help users maintain accuracy, improve productivity, and manage complex mapping projects effectively. This complete guide covers Autodesk AutoCAD Map 3D 2026 features, benefits, installation process, system requirements, and professional workflow tips. Whether you are a GIS expert, civil engineer, or mapping professional, this software provides the tools needed to create detailed geospatial designs and manage location-based information.",in stock,new,79.00 USD,https://www.esoftwarestore.com/product/autodesk-autocad-map-3d-2026-professional-edition,https://www.esoftwarestore.com/logo.svg,eSoftware Store,29.00 USD,,Windows,Software > Computer Software
6a741169f4009e4376c98eda,Autodesk AutoCAD Plant 3D | Advanced 3D Plant Modeling Software for Engineers,"-100% Digital Delivery Within 24 Hours After Purchase. -Get fast and secure access to Autodesk Plant 3D 2026 with digital delivery after your purchase. -This product provides access to professional 3D plant design and engineering software created for process engineers, designers, architects, and construction professionals. -Autodesk Plant 3D 2026 helps users create detailed 3D plant models, piping systems, equipment layouts, and engineering documentation for complex industrial projects. -Design efficient process plants with advanced tools for piping design, plant modeling, project documentation, and BIM-based workflows. -Ideal for industries including oil and gas, chemical processing, power generation, manufacturing, and industrial construction. -Improve project accuracy, collaboration, and productivity with intelligent design tools trusted by engineering professionals worldwide. -After purchase, you will receive the required account details and instructions to download and install Autodesk Plant 3D 2026. -Supports a multilingual interface for convenient use across different regions and professional environments. -License validity: 1 year only. -Perfect for process engineers, plant designers, consultants, and organizations requiring advanced industrial design capabilities. -For any support, installation assistance, or queries, contact us via WhatsApp: +447520642304. Autodesk Plant 3D 2026 is a powerful 3D plant design and engineering software solution developed for process engineers, designers, and professionals working on industrial plant projects. It provides advanced tools for creating detailed plant layouts, piping systems, equipment models, and engineering documentation. With Autodesk Plant 3D, users can design and manage complex process plants with improved accuracy and efficiency. The software supports 3D modeling, intelligent piping design, equipment placement, and project documentation, making it an ideal solution for industries such as oil and gas, chemical processing, power generation, and industrial construction. Autodesk Plant 3D helps engineering teams streamline workflows by providing a structured environment for designing, reviewing, and documenting plant projects. Its BIM-based capabilities improve collaboration between designers, engineers, and project stakeholders while reducing errors during development. Professionals can create accurate plant models, generate technical drawings, and optimize project planning using advanced Autodesk engineering tools. The software is designed to meet the needs of modern process plant design requirements. This product includes 1-year license access with 100% digital delivery within 24 hours after purchase and supports a multilingual interface.",in stock,new,79.00 USD,https://www.esoftwarestore.com/product/autodesk-autocad-plant-3d-advanced-3d-plant-modeling-software-for-engineers,https://www.esoftwarestore.com/logo.svg,eSoftware Store,29.00 USD,,Windows,Software > Computer Software
6a72c5904a9fbc0e9f644abc,Autodesk AutoCAD for Windows 2026 | Student Version | Multilanguage | 1 Year License,"-100% Digital Delivery Within 24 Hours After Purchase -Get fast and secure access to Autodesk AutoCAD for Windows 2026 with digital delivery after your purchase. -This product provides access to one of the world’s leading CAD design software solutions for architects, engineers, designers, students, and professionals. -Create accurate 2D drawings, technical documentation, layouts, and advanced 3D models with powerful drafting and design tools. -Autodesk AutoCAD 2026 helps professionals improve productivity with advanced features for architecture, engineering, construction, manufacturing, and product design projects. -Work efficiently with precision drawing tools, customizable workflows, and professional CAD capabilities trusted by industries worldwide. -Designed for users who need reliable CAD software for creating detailed designs, modifying drawings, and managing complex projects. -After purchase, you will receive the required account details and instructions to download and install Autodesk AutoCAD for Windows 2026. -Supports a multilingual interface for a convenient experience across different regions. -License validity: 1 year only. -Ideal for architects, engineers, designers, students, businesses, and CAD professionals looking for advanced design capabilities. -For any support, installation assistance, or queries, contact us via WhatsApp: +447520642304. Autodesk AutoCAD for Windows 2026 is a powerful computer-aided design (CAD) solution designed for professionals, students, architects, engineers, and designers who need reliable tools for creating accurate digital designs. It provides advanced features for drafting, modeling, documentation, and professional design workflows. With AutoCAD 2026, users can create detailed 2D drawings, technical plans, layouts, and 3D models for various industries, including architecture, construction, mechanical engineering, manufacturing, and product development. The software helps improve productivity with precision drawing tools, customizable commands, and efficient design workflows. Autodesk AutoCAD for Windows 2026 allows professionals to develop accurate designs, edit complex drawings, and manage projects with industry-standard CAD technology. Its powerful features and intuitive interface make it suitable for both experienced professionals and students learning modern design techniques. This product includes 1-year license access with 100% digital delivery within 24 hours after purchase. It supports a multilingual interface and provides a professional environment for modern CAD requirements.",in stock,new,79.00 USD,https://www.esoftwarestore.com/product/autodesk-autocad-for-windows-2026-student-version-multilanguage-1-year-license,https://www.esoftwarestore.com/logo.svg,eSoftware Store,29.00 USD,,Windows,Software > Computer Software
6a72bba34a9fbc0e9f6449cc,Autodesk CFD Ultimate 2026 | Professional Edition,"-100% Digital Delivery Within 24 Hours After Purchase -Get fast and secure access to Autodesk CFD Ultimate 2026 Professional Edition with digital delivery after your purchase. -This product provides access to Autodesk CFD Ultimate 2026, an advanced Computational Fluid Dynamics (CFD) simulation software designed for engineers, product designers, and professionals involved in mechanical and industrial design. -Analyze and optimize fluid flow, heat transfer, airflow, thermal performance, and complex engineering simulations with powerful CFD tools. -Designed for professionals working in mechanical engineering, automotive design, aerospace, manufacturing, electronics cooling, and product development industries. -Improve product performance by testing designs virtually, reducing development time, and making data-driven engineering decisions. -After purchase, you will receive the required account details and instructions to download and install Autodesk CFD --Ultimate 2026 Professional Edition. -Supports a multilingual interface for a convenient global user experience. -License validity: 1 year only. -Ideal for engineers, researchers, designers, and companies requiring advanced simulation capabilities for fluid dynamics and thermal analysis. -For any support, installation assistance, or queries, contact us via WhatsApp: +447520642304. Autodesk CFD Ultimate 2026 Professional Edition is a powerful Computational Fluid Dynamics (CFD) simulation solution designed for engineers, researchers, product designers, and manufacturing professionals. It helps users analyze and optimize fluid flow, heat transfer, airflow, and thermal performance before physical production, saving time and improving design accuracy. With Autodesk CFD Ultimate, professionals can perform advanced simulations for a wide range of industries, including automotive, aerospace, electronics cooling, mechanical engineering, industrial equipment, and product development. The software provides powerful tools to evaluate real-world performance, identify potential design issues, and create more efficient engineering solutions. Autodesk CFD Ultimate enables users to test different design scenarios, visualize fluid behavior, and optimize products with reliable simulation results. Its advanced modeling capabilities help engineers make informed decisions while reducing development costs and improving overall product performance. This product includes 1-year license access with 100% digital delivery within 24 hours after purchase. Autodesk CFD Ultimate 2026 supports a multilingual interface and provides a professional environment for advanced engineering workflows.",in stock,new,79.00 USD,https://www.esoftwarestore.com/product/autodesk-cfd-ultimate-2026-professional-edition,https://www.esoftwarestore.com/logo.svg,eSoftware Store,29.00 USD,,Windows,Software > Computer Software
6a6c2d22051268437fe14c70,Autodesk Civil 3D | Software License,"-100% Digital Delivery Within 24 Hours After Purchase. -This product will provide access to Autodesk Civil 3D for 1 year. -Autodesk Civil 3D is a professional civil engineering and infrastructure design software used for road design, surveying, land development, BIM modeling, and construction documentation. -After purchasing this product, you will receive account details that can be used to access Autodesk services, download, install, and activate Autodesk Civil 3D. -This is a multilingual license valid for 1 year only. -For any support, assistance, or queries, contact us via WhatsApp at +447520642304. Autodesk Civil 3D 2026 is a professional civil engineering and infrastructure design software created for engineers, surveyors, designers, and construction professionals. It combines advanced CAD and BIM technology to help users develop accurate designs, manage complex projects, and create detailed engineering documentation. With Autodesk Civil 3D, professionals can design roads, highways, land development projects, drainage systems, surfaces, and infrastructure models with greater efficiency. The software provides intelligent tools for survey data processing, corridor modeling, grading design, alignment creation, and construction documentation, making it easier to plan and execute large-scale civil projects. After purchase, you will receive 100% digital delivery within 24 hours with access details to download, install, and activate Autodesk Civil 3D. The product includes a 1-year multilingual license suitable for users worldwide.",in stock,new,198.00 USD,https://www.esoftwarestore.com/product/autodesk-civil-3d-software-license,https://esoftwarestore-api.onrender.com/uploads/products/1785485081641-508107d8762f.jpg,eSoftware Store,36.00 USD,,Windows,Software > Computer Software
6a71788d78ef459ac7ff0694,Autodesk Commercial License All Products 2026 | Latest Version,"-100% Digital Delivery Within 24 Hours After Purchase -Get fast and secure access to Autodesk Commercial License All Products 2026 with digital delivery after your purchase. -This product provides access to a complete collection of Autodesk professional software solutions designed for architecture, engineering, construction, manufacturing, media, entertainment, and creative industries. -Access powerful tools for CAD design, BIM modeling, 3D animation, rendering, simulation, product development, and professional workflows. -Designed for businesses, engineers, architects, designers, manufacturers, and creative professionals who require advanced Autodesk applications for professional projects. -Compatible with Windows and macOS systems for flexible design and production workflows. -After purchase, you will receive the required account details and instructions to download and install Autodesk Commercial License All Products 2026. -Supports a multilingual interface for a convenient global user experience. -License validity: 1 year only. -Ideal for professional industries including architecture, engineering, construction, automotive design, product development, animation, and visual effects. -For any support, installation assistance, or queries, contact us via WhatsApp: +447520642304. Autodesk Commercial License All Products is a complete professional software solution designed for businesses, engineers, architects, designers, manufacturers, and creative professionals who require access to powerful Autodesk applications. It provides a comprehensive platform for advanced design, modeling, engineering, simulation, animation, and visualization workflows. With Autodesk Commercial License access, professionals can work with industry-leading tools for CAD drafting, BIM modeling, 3D design, rendering, manufacturing solutions, construction planning, and media production. This solution is ideal for organizations looking to enhance productivity, improve collaboration, and manage complex professional projects efficiently. Autodesk software is widely used across industries including architecture, engineering, construction, automotive design, product development, film production, gaming, and industrial design. The commercial license provides businesses with reliable tools to create accurate designs, analyze projects, and develop innovative solutions. Whether you are designing buildings, creating mechanical products, producing digital content, or managing engineering workflows, Autodesk Commercial License All Products delivers the professional capabilities needed to achieve outstanding results.",in stock,new,79.00 USD,https://www.esoftwarestore.com/product/autodesk-commercial-license-all-products-2026-latest-version,https://www.esoftwarestore.com/logo.svg,eSoftware Store,29.00 USD,,Windows,Software > Computer Software
6a7168aeb944849b6bc6cd11,Autodesk Flame 2027 |For Creative Professionals,"-100% Digital Delivery Within 24 Hours After Purchase -Get fast and secure access to Autodesk Flame 2027 for Creative Professionals with digital delivery after your purchase. -This product provides access to Autodesk Flame 2027, a professional visual effects, compositing, color grading, and video finishing software designed for filmmakers, editors, and VFX artists. -Create high-quality cinematic content with advanced tools for 3D compositing, motion graphics, visual effects, editing, and professional post-production workflows. -Designed for film studios, television professionals, video editors, VFX artists, and creative teams who require powerful tools for advanced media production. -Compatible with Windows operating systems for professional video editing and post-production workflows. -After purchase, you will receive the required account details and instructions to download and install Autodesk Flame 2027. -Supports a multilingual interface for a better global user experience. -License validity: 1 year only. -Ideal for movie production, broadcast design, commercial videos, animation projects, and professional visual effects creation. -For any support, installation assistance, or queries, contact us via WhatsApp: +447520642304. Autodesk Flame 2027 for Creative Professionals is a powerful visual effects and post-production software solution designed for filmmakers, video editors, VFX artists, and creative studios. It provides advanced tools for compositing, color grading, video finishing, motion graphics, and cinematic visual effects creation. With Autodesk Flame 2027, professionals can create stunning visuals, enhance footage, develop complex effects, and complete high-quality post-production projects with precision. The software is widely used in film production, television, advertising, broadcast media, and professional content creation workflows. Autodesk Flame offers an efficient environment for combining editing, visual effects, and finishing tasks in a single professional platform. Creative professionals can improve productivity with powerful compositing tools, advanced color correction features, and flexible workflows designed for demanding media projects. With this product, you receive 1-year license access along with 100% digital delivery within 24 hours after purchase. The software supports a multilingual interface and provides a professional working environment for Windows users.",in stock,new,79.00 USD,https://www.esoftwarestore.com/product/autodesk-flame-2027-for-creative-professionals,https://www.esoftwarestore.com/logo.svg,eSoftware Store,29.00 USD,,Windows,Software > Computer Software
6a74078ad1e5821f8cdd8fa5,Autodesk Fluid FX  | Software 2026,"-100% Digital Delivery Within 24 Hours After Purchase. -Get fast and secure access to Autodesk Fluid FX with digital delivery after your purchase. -This product provides access to a professional fluid simulation and visual effects solution designed for VFX artists, animators, designers, and creative professionals. -Create realistic smoke, fire, water, liquid, and dynamic fluid effects using advanced simulation technology. -Autodesk Fluid FX helps professionals develop high-quality visual effects for films, animations, games, advertisements, and digital media projects. -Designed for creative workflows requiring accurate simulations, realistic motion, and professional-quality rendering results. -Enhance your production process with advanced tools for creating complex fluid behaviors and cinematic visual effects. -After purchase, you will receive the required account details and instructions to access and install Autodesk Fluid FX. -Supports a multilingual interface for users across different regions and professional environments. -License validity: 1 year only. -Ideal for VFX studios, animation professionals, game developers, designers, and creative teams looking for advanced simulation capabilities. -For any support, installation assistance, or queries, contact us via WhatsApp: +447520642304. Autodesk Fluid FX is an advanced fluid simulation solution designed for creative professionals, VFX artists, animators, and digital content creators who need powerful tools to produce realistic dynamic effects. It enables users to create impressive simulations including smoke, fire, water, liquids, and other complex fluid behaviors for professional visual effects projects. With Autodesk Fluid FX, artists can develop realistic environments, cinematic effects, and high-quality animations for industries such as film production, television, gaming, advertising, and digital media. The software provides advanced simulation capabilities that help users achieve accurate and visually appealing results while improving creative workflows. Autodesk Fluid FX is ideal for professionals who require efficient tools for designing complex fluid movements and realistic effects. Whether creating cinematic scenes, animated sequences, or immersive digital experiences, this solution helps bring creative ideas to life with advanced simulation technology. The product includes 1-year license access and provides a professional environment for modern VFX and animation requirements. Its powerful features make it suitable for studios, designers, and artists looking to enhance their production quality.",in stock,new,79.00 USD,https://www.esoftwarestore.com/product/autodesk-fluid-fx-software-2026,https://www.esoftwarestore.com/logo.svg,eSoftware Store,29.00 USD,,Windows,Software > Computer Software
6a716bb3b944849b6bc6cd4e,Autodesk Forma | Latest Version,"-100% Digital Delivery Within 24 Hours After Purchase -Get quick and secure access to Autodesk Forma with digital delivery after your purchase. -This product provides access to Autodesk Forma, a cloud-based planning and design platform that helps architects, urban planners, and designers create smarter, data-driven projects. -Use advanced tools for early-stage design, site analysis, 3D modeling, environmental analysis, and sustainable building planning. -Designed for architects, engineers, urban planners, real estate developers, and design professionals who want to improve project decisions with powerful AI and data insights. -Compatible with modern web browsers and supports professional workflows across different devices. -After purchase, you will receive the required account details and instructions to access and use Autodesk Forma. -Supports a multilingual interface for a better global user experience. -License validity: 1 year only. -Ideal for architectural planning, construction projects, urban development, conceptual design, and sustainable building workflows. -For any support, assistance, or queries, contact us via WhatsApp: +447520642304. Autodesk Forma is an advanced cloud-based design and planning platform created for architects, engineers, urban planners, and real estate professionals who want to make smarter decisions during the early stages of a project. With powerful data-driven tools, Autodesk Forma helps users analyze sites, explore design concepts, and improve project outcomes with greater accuracy. The platform provides intelligent features for 3D conceptual design, environmental analysis, site evaluation, and sustainable planning, allowing professionals to understand project possibilities before construction begins. By combining automation, AI-powered insights, and real-world data, Autodesk Forma helps teams create efficient and innovative designs. Autodesk Forma is ideal for architectural firms, construction companies, urban development teams, and designers looking to optimize workflows and improve collaboration. It supports better decision-making by providing valuable insights into factors such as site conditions, building performance, and design possibilities. With this product, you receive 1-year license access along with 100% digital delivery within 24 hours after purchase. The platform supports a multilingual interface and provides a modern working environment for professionals.",in stock,new,79.00 USD,https://www.esoftwarestore.com/product/autodesk-forma-latest-version,https://www.esoftwarestore.com/logo.svg,eSoftware Store,29.00 USD,,Windows,Software > Computer Software
6a72cae64a9fbc0e9f644ae8,Autodesk Freewheel 2026,"-100% Digital Delivery Within 24 Hours After Purchase -Get fast and secure access to Autodesk Freewheel with digital delivery after your purchase. -This product provides access to a professional cloud-based 3D design review and collaboration platform designed for engineers, architects, designers, and project teams. -Autodesk Freewheel helps users view, share, review, and collaborate on 3D CAD models and digital designs from anywhere. -Improve project communication, simplify design reviews, and enhance collaboration between teams with powerful online visualization capabilities. -Ideal for professionals working in architecture, engineering, construction, manufacturing, and product development industries. -After purchase, you will receive the required account details and instructions to access and use Autodesk Freewheel. -Supports a multilingual interface for a convenient experience across different regions and professional environments. -License validity: 1 year only. -Compatible with modern workflows and suitable for professionals who need efficient digital design collaboration and online model review capabilities. -For any support, assistance, or queries, contact us via WhatsApp: +447520642304. Autodesk Freewheel is a professional cloud-based design review and 3D visualization solution that helps engineers, architects, designers, and businesses share, view, and collaborate on digital models efficiently. It is designed to simplify communication between teams by allowing users to review CAD designs and 3D models without complicated workflows. With Autodesk Freewheel, professionals can improve project collaboration by sharing design information, reviewing models, and discussing changes with team members from different locations. It supports modern digital workflows for industries such as architecture, engineering, construction, manufacturing, and product development. The platform helps teams reduce communication gaps, speed up design approval processes, and make better project decisions through easy access to 3D visualization. Users can present concepts clearly, review designs effectively, and improve collaboration between designers, engineers, and stakeholders. Autodesk Freewheel provides a convenient solution for organizations looking to enhance their design review process and manage digital projects more efficiently. Its cloud-based approach makes it easier to access and communicate design information anytime.",in stock,new,79.00 USD,https://www.esoftwarestore.com/product/autodesk-freewheel-2026,https://www.esoftwarestore.com/logo.svg,eSoftware Store,29.00 USD,,Windows,Software > Computer Software
6a740f05f4009e4376c98de4,Autodesk Fusion | For Windows | Mac,"-100% Digital Delivery Within 24 Hours After Purchase. -Get fast and secure access to Autodesk Fusion with digital delivery after your purchase. -This product provides access to a powerful cloud-based 3D design, CAD, CAM, and CAE software platform designed for engineers, designers, manufacturers, students, and product development professionals. -Autodesk Fusion combines 3D modeling, mechanical design, simulation, electronics design, and manufacturing tools in one integrated platform. -Create professional product designs, develop prototypes, perform simulations, and prepare manufacturing workflows with advanced engineering capabilities. -Ideal for industries including product design, mechanical engineering, manufacturing, industrial design, and CNC machining. -Improve productivity with integrated design tools, cloud collaboration features, and efficient workflows for modern engineering projects. -After purchase, you will receive the required account details and instructions to download and install Autodesk Fusion. -Supports a multilingual interface for convenient use across different regions and professional environments. -License validity: 1 year only. -Perfect for engineers, designers, makers, startups, and businesses looking for professional CAD/CAM solutions. -For any support, installation assistance, or queries, contact us via WhatsApp: +447520642304. Autodesk Fusion is a powerful integrated 3D CAD, CAM, and CAE software solution designed for engineers, product designers, manufacturers, and creative professionals. It combines advanced design, simulation, collaboration, and manufacturing tools into one unified platform, helping users transform ideas into real-world products. With Autodesk Fusion, professionals can create accurate 3D models, mechanical designs, prototypes, and manufacturing-ready projects. The software supports product development workflows with tools for parametric modeling, simulation, electronics design, and CNC manufacturing preparation. Autodesk Fusion is widely used in industries such as mechanical engineering, industrial design, manufacturing, robotics, product development, and education. Its cloud-based capabilities allow teams to collaborate efficiently, manage projects, and improve productivity throughout the design process. The platform helps reduce development time by connecting design, testing, and manufacturing workflows in a single environment. Whether creating prototypes, optimizing designs, or preparing production files, Autodesk Fusion provides reliable tools for modern engineering requirements. This product includes 1-year license access with 100% digital delivery within 24 hours after purchase. It supports a multilingual interface and provides a professional environment for designers, engineers, and businesses.",in stock,new,79.00 USD,https://www.esoftwarestore.com/product/autodesk-fusion-for-windows-mac,https://www.esoftwarestore.com/logo.svg,eSoftware Store,29.00 USD,,Windows,Software > Computer Software
6a71701db944849b6bc6cda5,Autodesk Golaem Professional,"-100% Digital Delivery Within 24 Hours After Purchase -Get fast and secure access to Autodesk Golaem Professional with digital delivery after your purchase. -This product provides access to Autodesk Golaem Professional, an advanced crowd simulation and character animation solution designed for VFX artists, filmmakers, animators, and game developers. -Create realistic digital crowds, character simulations, large-scale environments, armies, audiences, and cinematic scenes with powerful simulation tools. -Designed for professionals working in film production, television, gaming, animation, and visual effects industries who need efficient solutions for large-scale character creation. -Works with professional creative workflows and integrates with Autodesk Maya for advanced animation and VFX production. -After purchase, you will receive the required account details and instructions to download and install Autodesk Golaem Professional. -Supports a multilingual interface for a convenient global user experience. -License validity: 1 year only. -Ideal for crowd simulation, character animation, visual effects, game development, and cinematic production projects. -For any support, installation assistance, or queries, contact us via WhatsApp: +447520642304. Autodesk Golaem Professional is a powerful crowd simulation and character animation solution designed for VFX professionals, filmmakers, animators, and game developers who need to create realistic digital populations and complex large-scale scenes. It provides advanced tools for generating, controlling, and managing thousands of virtual characters with realistic movements and behaviors. With Autodesk Golaem Professional, artists can create impressive crowd simulations including armies, stadium audiences, city environments, and cinematic scenes. The software provides flexible character distribution, behavior control, and simulation features that help professionals produce high-quality visual effects efficiently. Golaem integrates seamlessly with Autodesk Maya, making it an ideal solution for animation studios and VFX teams working on movies, television shows, commercials, and gaming projects. Its professional workflow helps reduce production time while providing creative control over large-scale character animations. With this product, you receive 1-year license access along with 100% digital delivery within 24 hours after purchase. Autodesk Golaem Professional supports a multilingual interface and provides a professional environment for creative workflows.",in stock,new,79.00 USD,https://www.esoftwarestore.com/product/autodesk-golaem-professional,https://www.esoftwarestore.com/logo.svg,eSoftware Store,29.00 USD,,Windows,Software > Computer Software
6a71766878ef459ac7ff0657,Autodesk InfoDrainage Ultimate 2026 | Professional Edition,"-100% Digital Delivery Within 24 Hours After Purchase -Get fast and secure access to Autodesk InfoDrainage Ultimate with digital delivery after your purchase. -This product provides access to Autodesk InfoDrainage Ultimate, a professional drainage design and stormwater management software built for civil engineers, drainage specialists, and infrastructure professionals. -Design, analyze, and optimize sustainable drainage systems (SuDS), stormwater networks, hydraulic models, and water management solutions with advanced engineering tools. -Designed for professionals working in civil engineering, urban development, construction, landscape design, and infrastructure planning. -Create accurate drainage designs, perform system analysis, generate reports, and improve project efficiency with powerful modeling capabilities. -After purchase, you will receive the required account details and instructions to download and install Autodesk InfoDrainage Ultimate. -Supports a multilingual interface for a convenient global user experience. -License validity: 1 year only. -Ideal for drainage consultants, civil engineers, contractors, and professionals involved in sustainable water management projects. -For any support, installation assistance, or queries, contact us via WhatsApp: +447520642304. Autodesk InfoDrainage Ultimate is an advanced drainage design and stormwater management solution created for civil engineers, consultants, contractors, and infrastructure professionals. It provides powerful tools to design, analyze, and optimize sustainable drainage systems (SuDS), stormwater networks, and water management solutions with accuracy and efficiency. With Autodesk InfoDrainage Ultimate, professionals can create detailed drainage layouts, evaluate hydraulic performance, analyze rainfall and runoff behavior, and generate professional engineering reports. The software helps users develop reliable drainage strategies for residential developments, commercial projects, roads, and large-scale infrastructure planning. Designed for modern engineering workflows, InfoDrainage Ultimate simplifies complex drainage calculations and allows users to test different design scenarios before construction begins. Its advanced modeling and reporting capabilities help improve project quality, reduce design challenges, and support sustainable development goals. With this product, you receive 1-year license access along with 100% digital delivery within 24 hours after purchase. The software supports a multilingual interface and provides a professional working environment for engineers and designers.",in stock,new,79.00 USD,https://www.esoftwarestore.com/product/autodesk-infodrainage-ultimate-2026-professional-edition,https://www.esoftwarestore.com/logo.svg,eSoftware Store,29.00 USD,,Windows,Software > Computer Software
6a7409cbd1e5821f8cdd8fd0,Autodesk InfoWater Pro | For Windows,"-100% Digital Delivery Within 24 Hours After Purchase. -Get fast and secure access to Autodesk InfoWater Pro for Windows with digital delivery after your purchase. -This product provides access to professional water distribution modeling and hydraulic analysis software designed for engineers, water utilities, consultants, and infrastructure professionals. -Autodesk InfoWater Pro helps users create accurate water network models, perform hydraulic simulations, analyze system performance, and optimize water infrastructure projects. -Designed for applications including municipal water systems, civil engineering, utility management, and infrastructure planning. -Improve decision-making with advanced GIS-based modeling, network analysis, and professional engineering tools for efficient water system management. -After purchase, you will receive the required account details and instructions to download and install Autodesk InfoWater Pro for Windows. -Supports a multilingual interface for convenient use across different regions and professional environments. -License validity: 1 year only. -Ideal for civil engineers, water utility professionals, consultants, and organizations requiring advanced hydraulic modeling and water network analysis capabilities. -For any support, installation assistance, or queries, contact us via WhatsApp: +447520642304. Autodesk InfoWater Pro for Windows is an advanced water distribution modeling and hydraulic analysis solution designed for engineers, consultants, water utilities, and infrastructure professionals. It helps users create detailed water network models, evaluate system performance, and improve the planning and management of complex water distribution systems. With Autodesk InfoWater Pro, professionals can perform accurate hydraulic simulations, analyze pressure and flow conditions, and optimize water infrastructure designs. The software integrates advanced modeling capabilities with GIS-based workflows, allowing users to visualize, manage, and analyze water networks efficiently. Ideal for municipal water systems, engineering firms, and utility organizations, InfoWater Pro supports critical tasks such as network planning, system evaluation, demand analysis, and infrastructure improvement projects. It helps professionals make data-driven decisions while improving accuracy and reducing project risks. Autodesk InfoWater Pro for Windows provides powerful tools for modern water management requirements and supports efficient collaboration between engineering teams. Its professional features make it suitable for designing, analyzing, and maintaining reliable water distribution systems.",in stock,new,79.00 USD,https://www.esoftwarestore.com/product/autodesk-infowater-pro-for-windows,https://www.esoftwarestore.com/logo.svg,eSoftware Store,29.00 USD,,Windows,Software > Computer Software
6a701bb204e7df229a03f767,Autodesk InfraWorks Drainage 2026 |  Software,"-100% Digital Delivery Within 24 Hours After Purchase. -This product will provide access to Autodesk InfraWorks Drainage 2026 Software for 1 year. -Autodesk InfraWorks Drainage 2026 is a professional civil infrastructure and drainage design software developed for engineers, planners, and infrastructure professionals to analyze stormwater systems, improve drainage planning, and create efficient water management designs. -After purchasing this product, you will receive account details that can be used to access Autodesk services, download, install, and activate Autodesk InfraWorks Drainage 2026 Software. -This is a multilingual license valid for 1 year only. -For any support, assistance, or queries, contact us via WhatsApp at +447520642304. Autodesk InfraWorks Drainage 2026 Software is a professional civil infrastructure design solution created for engineers, planners, and transportation professionals who need advanced tools for drainage analysis and stormwater management. It helps users visualize, plan, and optimize drainage systems while improving the overall efficiency of infrastructure projects. With Autodesk InfraWorks Drainage 2026, professionals can analyze water flow, evaluate drainage conditions, and create better solutions for roads, urban developments, and infrastructure networks. The software supports intelligent design workflows by combining visualization, engineering analysis, and collaboration capabilities. InfraWorks Drainage 2026 is widely used in civil engineering, transportation planning, land development, and infrastructure management projects. It helps teams make informed decisions, reduce design challenges, and develop effective drainage systems that meet project requirements.",in stock,new,79.00 USD,https://www.esoftwarestore.com/product/autodesk-infraworks-drainage-2026-software,https://www.esoftwarestore.com/logo.svg,eSoftware Store,29.00 USD,,Windows,Software > Computer Software
6a698b20e94b3dc90951092b,Autodesk Inventor 2027 For Windows | 1 Yrs Student Licence,"-100% Digital Delivery Within 24 Hours After Purchase. -Product will activate Autodesk Inventor 2027 Student License for Windows with a valid 1-year license for professional 3D design, CAD modeling, and engineering projects. -Compatible with supported Windows operating systems and designed for students, engineering learners, designers, and future professionals. -On purchase of this product, you will receive the required Autodesk Inventor 2027 Student License activation details/license information to download, install, and access the software. -Autodesk Inventor 2027 Student License provides a powerful platform for creating 3D models, mechanical designs, simulations, and engineering documentation. -This is a multilingual license, allowing users to use Autodesk Inventor 2027 in their preferred supported language. -Suitable for students, educators, engineering learners, and design professionals who need advanced CAD tools for learning and academic projects. -For any support, assistance, or queries, contact our customer support team via WhatsApp: +447520642304. Autodesk Inventor 2027 Student License for Windows is a professional 3D CAD design software solution created for students, engineering learners, and aspiring designers who want to develop their skills in mechanical design and digital modelling. It provides an advanced platform for creating detailed 3D models, engineering designs, and technical documentation for educational and learning purposes. Designed for Windows users, Autodesk Inventor 2027 helps students explore modern engineering workflows and understand industry-standard design processes. It is suitable for learners studying mechanical engineering, product design, manufacturing, and related technical fields. With a 1-year student license, users can access a professional design environment to practice 3D modelling, develop creative concepts, and work on academic projects. The software helps students gain practical experience with tools used by engineers and designers worldwide. Autodesk Inventor 2027 Student License is an ideal choice for students who want to improve their CAD skills, prepare engineering projects, and build knowledge of professional design techniques. It provides a reliable and efficient environment for learning, experimenting, and developing innovative designs.",in stock,new,135.00 USD,https://www.esoftwarestore.com/product/autodesk-inventor-2027-1-yrs-student-license-for-windows,https://esoftwarestore-api.onrender.com/uploads/products/1785482337265-09760eaca112.jpg,eSoftware Store,32.00 USD,,Windows,Software > Computer Software
6a72c2314a9fbc0e9f644a66,Autodesk Inventor CAM | For Windows,"-100% Digital Delivery Within 24 Hours After Purchase -Get fast and secure access to Autodesk Inventor CAM for Windows with digital delivery after your purchase. -This product provides access to Autodesk Inventor CAM, a professional computer-aided manufacturing (CAM) solution designed for engineers, manufacturers, machinists, and product designers. -Create advanced CNC machining workflows, toolpaths, milling operations, and manufacturing simulations with powerful CAM technologies. -Designed for professionals working in manufacturing, mechanical engineering, automotive, aerospace, and product development industries. -Seamlessly integrate manufacturing processes with Autodesk Inventor workflows to improve design-to-production efficiency. -Optimize machining operations, reduce production time, and improve accuracy with advanced manufacturing tools. -After purchase, you will receive the required account details and instructions to download and install Autodesk Inventor CAM for Windows. -Supports a multilingual interface for a convenient global user experience. -License validity: 1 year only. -Ideal for CNC programmers, engineers, manufacturers, and professionals involved in digital manufacturing and machining projects. -For any support, installation assistance, or queries, contact us via WhatsApp: +447520642304. Autodesk Inventor CAM for Windows is an advanced computer-aided manufacturing (CAM) solution designed for engineers, CNC programmers, machinists, and manufacturing professionals. It helps users create efficient machining workflows, generate accurate toolpaths, and optimize CNC production processes directly within Autodesk Inventor environments. With Autodesk Inventor CAM, professionals can develop high-quality manufacturing strategies for milling, turning, and multi-axis machining operations. The software provides powerful simulation capabilities that allow users to visualize machining processes, identify potential issues, and improve production accuracy before manufacturing begins. Ideal for industries such as automotive, aerospace, mechanical engineering, and product development, Inventor CAM helps bridge the gap between product design and manufacturing. Its integrated workflow allows designers and manufacturers to reduce programming time, improve productivity, and achieve better machining results. This product includes 1-year license access with 100% digital delivery within 24 hours after purchase. Autodesk Inventor CAM supports a multilingual interface and provides professional tools for modern CNC manufacturing requirements.",in stock,new,79.00 USD,https://www.esoftwarestore.com/product/autodesk-inventor-cam-for-windows,https://www.esoftwarestore.com/logo.svg,eSoftware Store,29.00 USD,,Windows,Software > Computer Software
6a6c2946051268437fe14c26,Autodesk Inventor Professional  | Software License,"-100% Digital Delivery Within 24 Hours After Purchase. -This product will provide access to Autodesk Inventor Professional for 1 year. -Autodesk Inventor Professional is a powerful 3D CAD design and engineering software used for mechanical design, simulation, product development, and professional modeling workflows. -After purchasing this product, you will receive account details that can be used to access Autodesk services, download, install, and activate Autodesk Inventor Professional. -This is a multilingual license valid for 1 year only. -For any support, assistance, or queries, contact us via WhatsApp at +447520642304. Autodesk Inventor Professional 2026 is a powerful 3D CAD and mechanical design software developed for engineers, designers, and manufacturing professionals. It provides advanced tools for creating precise 3D models, assemblies, technical drawings, simulations, and product documentation. With Autodesk Inventor Professional, users can design innovative products, test mechanical performance, and improve the overall product development process. The software includes advanced modeling capabilities, assembly design tools, simulation features, and professional visualization options that help transform concepts into real-world solutions. After purchase, you will receive 100% digital delivery within 24 hours with access details to download, install, and activate Autodesk Inventor Professional. The product includes a 1-year multilingual license suitable for users worldwide.",in stock,new,79.00 USD,https://www.esoftwarestore.com/product/autodesk-inventor-professional-software-license,https://www.esoftwarestore.com/logo.svg,eSoftware Store,29.00 USD,,Windows,Software > Computer Software
6a6d6cbf4d4d421e9716f93f,Autodesk Maya  LT  2026  | Software,"-100% Digital Delivery Within 24 Hours After Purchase. -This product will provide access to Autodesk Maya LT for 1 year. -Autodesk Maya LT is a professional 3D modeling and animation software designed for game developers, artists, and creative professionals to create high-quality game assets, characters, environments, and digital content. -After purchasing this product, you will receive account details that can be used to access Autodesk services, download, install, and activate Autodesk Maya LT. -This is a multilingual license valid for 1 year only. -For any support, assistance, or queries, contact us via WhatsApp at +447520642304. Autodesk Maya LT 2026 is a professional 3D modeling and animation software designed specifically for game developers, independent artists, and creative professionals who need powerful tools for creating high-quality digital assets. It provides an efficient environment for building detailed 3D characters, environments, props, and animations for games and interactive experiences. With Autodesk Maya LT, users can create professional-grade 3D models using advanced modeling tools, UV editing features, texturing workflows, and animation capabilities. The software helps artists develop optimized game-ready assets while maintaining an efficient production workflow. Autodesk Maya LT is ideal for professionals working in game development, character design, digital art, and 3D content creation. Its powerful features help transform creative concepts into realistic and visually impressive designs. This complete guide covers Autodesk Maya LT features, benefits, installation process, system requirements, and workflow tips to help users understand the software better. Whether you are a beginner exploring 3D modeling or an experienced artist creating game assets, Autodesk Maya LT provides the essential tools needed for professional digital content creation.",in stock,new,79.00 USD,https://www.esoftwarestore.com/product/autodesk-maya-lt-2026-software,https://www.esoftwarestore.com/logo.svg,eSoftware Store,29.00 USD,,Windows,Software > Computer Software
6a6c2701051268437fe14bfb,Autodesk Maya 2026 | Latest Version,"-100% Digital Delivery Within 24 Hours After Purchase. -This product will provide access to Autodesk Maya for 1 year. -Autodesk Maya is designed for professional 3D modeling, animation, rendering, and visual effects workflows on supported operating systems. -After purchasing this product, you will receive account details that can be used to access Autodesk services, download, install, and activate Autodesk Maya. -This is a multilingual license valid for 1 year only. -For any support, assistance, or queries, contact us via WhatsApp at +447520642304. Autodesk Maya 2026 is a professional 3D animation and visual effects software designed for artists, animators, game developers, and creative professionals. It provides advanced tools for 3D modeling, character animation, simulation, rendering, and visual effects production, making it one of the most popular solutions in the entertainment and design industries. With Autodesk Maya, users can create realistic characters, detailed environments, cinematic animations, and high-quality visual effects. The software includes powerful modeling tools, animation controls, rendering features, and simulation capabilities that help transform creative concepts into professional-quality digital experiences. After purchase, you will receive 100% digital delivery within 24 hours with access details to download, install, and activate Autodesk Maya. The product includes a 1-year multilingual license designed for users worldwide.",in stock,new,79.00 USD,https://www.esoftwarestore.com/product/autodesk-maya-2026-latest-version,https://esoftwarestore-api.onrender.com/uploads/products/1785484854922-0a671f8bcae6.jpg,eSoftware Store,29.00 USD,,Windows,Software > Computer Software
6a71668ab944849b6bc6cce6,Autodesk Media & Entertainment Collection | For Windows,"-100% Digital Delivery Within 24 Hours After Purchase -Get fast and secure access to Autodesk Media & Entertainment Collection for Windows with digital delivery after your purchase. -This product provides access to a complete professional creative suite designed for 3D modeling, animation, rendering, simulation, visual effects (VFX), and entertainment production workflows. -Create high-quality 3D characters, game assets, cinematic animations, visual effects, and digital content using industry-leading Autodesk tools. -Designed for animators, filmmakers, game developers, VFX artists, architects, and creative professionals who need powerful tools for professional content creation. -Compatible with Windows operating systems for advanced 3D production and creative workflows. -After purchase, you will receive the required account details and instructions to download and install Autodesk Media & Entertainment Collection. -Supports a multilingual interface for a convenient global user experience. -License validity: 1 year only. -Ideal for animation studios, game development, film production, motion graphics, and professional 3D design projects. -For any support, installation assistance, or queries, contact us via WhatsApp: +447520642304. Autodesk Media & Entertainment Collection for Windows is a powerful professional software suite designed for artists, animators, filmmakers, game developers, and creative professionals who want to create high-quality digital content. This complete collection provides advanced tools for 3D modeling, animation, rendering, simulation, and visual effects production. With Autodesk Media & Entertainment Collection, users can develop realistic 3D characters, immersive environments, cinematic animations, and professional visual effects for games, movies, advertisements, and digital media projects. It offers an efficient workflow for creating detailed models, applying textures, designing animations, and producing high-quality renders. This collection is ideal for animation studios, VFX professionals, game designers, and creative teams looking for industry-standard tools to bring their ideas to life. The software provides powerful features for concept development, character creation, motion design, and advanced 3D production. With this product, you receive 1-year license access along with 100% digital delivery within 24 hours after purchase. It supports a multilingual interface and provides a professional environment for Windows users.",in stock,new,79.00 USD,https://www.esoftwarestore.com/product/autodesk-media-entertainment-collection-for-windows,https://www.esoftwarestore.com/logo.svg,eSoftware Store,29.00 USD,,Windows,Software > Computer Software
6a7161b6b944849b6bc6cc43,Autodesk Mudbox 2026 | For Windows,"-100% Digital Delivery Within 24 Hours After Purchase -Get instant access to Autodesk Mudbox 2026 for Windows with a fast and secure digital delivery process. -This product provides access to Autodesk Mudbox 2026, a powerful 3D sculpting and digital painting software designed for artists, designers, game developers, and 3D professionals. -Compatible with Windows operating systems for creating detailed 3D models, realistic characters, textures, and digital sculptures. -After purchase, you will receive the required account details and instructions to download and install Autodesk Mudbox 2026. -Supports multiple languages for a convenient user experience. -Suitable for 3D character design, animation projects, game development, visual effects, and digital art creation. -License validity: 1 year. -For any support, installation assistance, or queries, contact us via WhatsApp: +447520642304. artists, designers, game developers, and animation professionals who want to create detailed digital models and realistic characters. With powerful sculpting tools, customizable brushes, and high-resolution texture painting capabilities, Mudbox helps transform creative ideas into professional-quality 3D artwork. Designed for modern creative workflows, Autodesk Mudbox 2026 allows users to develop realistic characters, organic models, environment assets, and visual effects elements with precision and flexibility. It is widely used in industries such as game development, animation, film production, and digital art creation. With this product, you receive 1-year license access along with 100% digital delivery within 24 hours after purchase. The software supports a multilingual interface and provides an efficient working environment for professional 3D artists.",in stock,new,79.00 USD,https://www.esoftwarestore.com/product/autodesk-mudbox-2026-for-windows,https://www.esoftwarestore.com/logo.svg,eSoftware Store,29.00 USD,,Windows,Software > Computer Software
6a7015ad04e7df229a03f710,Autodesk Navisworks 2026 | License,"100% Digital Delivery Within 24 Hours After Purchase. This product will provide access to Autodesk Navisworks 2026 for 1 year. Autodesk Navisworks 2026 is a professional BIM coordination and construction management software designed for architects, engineers, contractors, and project teams to review 3D models, perform clash detection, improve collaboration, and manage complex construction workflows. After purchasing this product, you will receive account details that can be used to access Autodesk services, download, install, and activate Autodesk Navisworks 2026. This is a multilingual license valid for 1 year only. For any support, assistance, or queries, contact us via WhatsApp at +447520642304. Autodesk Navisworks 2026 License is a professional BIM coordination and construction management software designed to help architects, engineers, contractors, and project teams review, analyze, and manage complex 3D design models. It provides powerful tools for model visualization, clash detection, construction simulation, and project collaboration. With Autodesk Navisworks 2026, users can combine multiple design models from different disciplines into a single integrated project environment. This helps teams identify potential design conflicts, improve coordination, and reduce costly errors before construction begins. Navisworks 2026 is widely used in architecture, engineering, and construction industries for BIM project review, quantity analysis, scheduling, and workflow optimization. Its advanced features support better decision-making and help professionals manage large-scale projects more efficiently.",in stock,new,79.00 USD,https://www.esoftwarestore.com/product/autodesk-navisworks-2026-license,https://www.esoftwarestore.com/logo.svg,eSoftware Store,29.00 USD,,Windows,Software > Computer Software
6a7013fc04e7df229a03f6dd,Autodesk Product Design & Manufacturing Collection 2026,"100% Digital Delivery Within 24 Hours After Purchase. This product will provide access to Autodesk PDMC 2026 (Product Design & Manufacturing Collection) for 1 year. Autodesk PDMC 2026 is a complete product design and manufacturing software collection developed for engineers, designers, and manufacturing professionals. It includes powerful CAD, CAM, simulation, and engineering tools to create, test, and manufacture innovative products efficiently. After purchasing this product, you will receive account details that can be used to access Autodesk services, download, install, and activate Autodesk PDMC 2026. This is a multilingual license valid for 1 year only. For any support, assistance, or queries, contact us via WhatsApp at +447520642304. Autodesk PDMC 2026 License (Product Design & Manufacturing Collection) is a complete engineering software collection designed for product designers, mechanical engineers, manufacturers, and industrial professionals. It provides a powerful combination of CAD, CAM, simulation, and manufacturing tools to support the complete product development lifecycle. With Autodesk PDMC 2026, users can create detailed 3D models, develop mechanical designs, perform simulations, prepare manufacturing workflows, and optimize production processes. The collection includes advanced tools that help professionals improve accuracy, reduce development time, and create high-quality products efficiently. PDMC 2026 is widely used in industries such as manufacturing, automotive, aerospace, machinery design, and industrial engineering. It helps teams collaborate effectively by providing integrated design and manufacturing solutions from concept development to production.",in stock,new,79.00 USD,https://www.esoftwarestore.com/product/autodesk-product-design-manufacturing-collection-2026,https://www.esoftwarestore.com/logo.svg,eSoftware Store,29.00 USD,,Windows,Software > Computer Software
6a6b10da6ad701b0cd8f725a,Autodesk ReCap Pro 2026 | 1Yrs,"-100% Digital Delivery within 24 hours after purchase. -Product activates Autodesk AEC Collection for a 1-year subscription. -Compatible with Windows operating systems. -After purchase, you will receive a random Autodesk account. Sign in with the provided account to download, install, and use Autodesk AEC Collection. -Includes a multilingual license, valid for 1 year only. -For support, assistance, or any queries, contact us via WhatsApp: +44 7520 642304. Autodesk AEC Collection 2026 is a complete software solution for architecture, engineering, and construction professionals, offering a powerful set of industry-leading design, BIM, CAD, and project management tools in one subscription. The collection includes essential Autodesk applications such as Revit, AutoCAD, Civil 3D, Navisworks Manage, InfraWorks, 3ds Max, and more, enabling seamless workflows from conceptual design to construction documentation and project delivery. Designed to improve collaboration and productivity, Autodesk AEC Collection helps teams create accurate 2D drawings, intelligent 3D models, infrastructure designs, and construction simulations while reducing errors and improving project coordination. With integrated BIM capabilities and advanced visualization tools, professionals can make informed decisions, streamline workflows, and deliver high-quality projects on schedule. Whether you're an architect, structural engineer, civil engineer, MEP designer, or construction manager, Autodesk AEC Collection 2026 provides everything needed to design, analyze, coordinate, and document projects efficiently. Cloud collaboration features enable teams to work together from anywhere, improving communication across every phase of the project. Ideal for residential, commercial, industrial, and infrastructure projects, Autodesk AEC Collection 2026 empowers professionals with innovative tools to accelerate project delivery, enhance design accuracy, and optimize construction workflows while maintaining Autodesk's trusted industry standards.",in stock,new,79.00 USD,https://www.esoftwarestore.com/product/autodesk-recap-pro-2026-1yrs,https://esoftwarestore-api.onrender.com/uploads/products/1785483141580-be3bcc57c275.jpg,eSoftware Store,29.00 USD,,Windows,Software > Computer Software
6a6c24fc051268437fe14bc3,Autodesk Revit 2026 | Lifetime License,"-100% Digital Delivery Within 24 Hours After Purchase. -This product will provide access to Autodesk Revit for 1 year. -It is compatible with supported Windows operating systems for professional BIM design and modeling workflows. -After purchasing this product, you will receive account details that can be used to access Autodesk services and download, install, and activate Autodesk Revit. -This is a multilingual license valid for 1 year only. -For any support, assistance, or queries, contact us via WhatsApp at +447520642304. Autodesk Revit 2026 is a professional Building Information Modeling (BIM) software solution created for architects, engineers, designers, and construction experts. It allows users to develop intelligent 3D models, create accurate construction documentation, and manage complete building projects from a single coordinated platform. With Autodesk Revit, professionals can design architectural structures, structural systems, and MEP (Mechanical, Electrical, and Plumbing) components with improved accuracy and efficiency. The software includes powerful modeling tools, parametric components, visualization features, and collaboration capabilities that help teams streamline the entire design and construction process. After purchase, you will receive 100% digital delivery within 24 hours with access details to download and install Autodesk Revit. The product supports professional BIM workflows on compatible Windows systems and provides a multilingual interface for users worldwide.",in stock,new,179.00 USD,https://www.esoftwarestore.com/product/autodesk-revit-2026-lifetime-license,https://esoftwarestore-api.onrender.com/uploads/products/1785484418571-9464d3749254.jpg,eSoftware Store,31.00 USD,,Windows,Software > Computer Software
6a72c3e04a9fbc0e9f644a91,Autodesk Robot Structural Analysis Professional 2026 | Windows | Multilanguage | 1 Year License,"-100% Digital Delivery Within 24 Hours After Purchase -Get fast and secure access to Autodesk Robot Structural Analysis Professional with digital delivery after your purchase. -This product provides access to a powerful structural engineering analysis and simulation software designed for civil engineers, structural designers, architects, and construction professionals. -Perform advanced structural modeling, analysis, simulation, and design calculations for buildings, bridges, and complex engineering projects. -Autodesk Robot Structural Analysis Professional helps professionals evaluate structural performance, improve design accuracy, and optimize engineering workflows. -Designed for industries including civil engineering, architecture, construction, infrastructure development, and structural design. -Create reliable structural models and analyze complex systems with advanced engineering tools integrated into modern BIM workflows. -After purchase, you will receive the required account details and instructions to download and install Autodesk Robot Structural Analysis Professional. -Supports a multilingual interface for a convenient experience across different regions and professional environments. -License validity: 1 year only. -Ideal for structural engineers, architects, consultants, and businesses requiring professional structural analysis capabilities. -For any support, installation assistance, or queries, contact us via WhatsApp: +447520642304. Autodesk Robot Structural Analysis Professional is a powerful structural engineering and simulation software solution designed for civil engineers, architects, consultants, and construction professionals. It helps users create accurate structural models, perform advanced analysis, and optimize designs for complex engineering projects. With Autodesk Robot Structural Analysis Professional, professionals can analyze buildings, bridges, and infrastructure systems using advanced calculation tools and simulation capabilities. The software supports modern BIM workflows, helping engineers improve collaboration, increase design accuracy, and make informed engineering decisions. This professional solution is ideal for structural analysis, load calculations, design validation, and performance evaluation across various industries, including construction, architecture, infrastructure development, and civil engineering. Users can create efficient designs while reducing errors and improving overall project quality. The product includes 1-year license access with 100% digital delivery within 24 hours after purchase. Autodesk Robot Structural Analysis Professional supports a multilingual interface and provides a professional environment for structural engineering requirements.",in stock,new,79.00 USD,https://www.esoftwarestore.com/product/autodesk-robot-structural-analysis-professional-2026-windows-multilanguage-1-year-license,https://www.esoftwarestore.com/logo.svg,eSoftware Store,29.00 USD,,Windows,Software > Computer Software
6a702130a973451e83fd3a6b,Autodesk Vault Basic 2026 | Professional Edition,"-100% Digital Delivery Within 24 Hours After Purchase. -This product will provide access to Autodesk Vault Basic 2026 Professional Edition for 1 year. -Autodesk Vault Basic 2026 Professional Edition is a professional CAD data management and product data management (PDM) solution designed for engineers, designers, and organizations to securely manage, organize, track, and control engineering design files. -After purchasing this product, you will receive account details that can be used to access Autodesk services, download, install, and activate Autodesk Vault Basic 2026 Professional Edition. -This is a multilingual license valid for 1 year only. -For any support, assistance, or queries, contact us via WhatsApp at +447520642304. Autodesk Vault Basic 2026 Professional Edition is a professional data management software solution designed for engineers, designers, and organizations that need efficient control over CAD files and engineering documentation. It helps teams securely store, organize, track, and manage design data throughout the complete product development process. With Autodesk Vault Basic 2026, users can maintain better file organization, manage document versions, prevent data duplication, and improve collaboration between team members. The software provides essential product data management (PDM) capabilities that help engineering teams work more efficiently and maintain accurate project information. Vault Basic 2026 is widely used in industries such as manufacturing, mechanical design, product development, and engineering services. It integrates with Autodesk design applications to provide a structured environment for managing CAD files and related documentation.",in stock,new,79.00 USD,https://www.esoftwarestore.com/product/autodesk-vault-basic-2026-professional-edition,https://www.esoftwarestore.com/logo.svg,eSoftware Store,29.00 USD,,Windows,Software > Computer Software
6a70194704e7df229a03f73b,Autodesk Vehicle Tracking 2026 | Latest Version,"-100% Digital Delivery Within 24 Hours After Purchase. -This product will provide access to Autodesk Vehicle Tracking 2026 for 1 year. -Autodesk Vehicle Tracking 2026 is a professional transportation design and vehicle simulation software developed for engineers, architects, planners, and infrastructure professionals to analyze vehicle movements, perform swept path analysis, and create accurate road, parking, and traffic designs. -After purchasing this product, you will receive account details that can be used to access Autodesk services, download, install, and activate Autodesk Vehicle Tracking 2026. -This is a multilingual license valid for 1 year only. -For any support, assistance, or queries, contact us via WhatsApp at +447520642304. Autodesk Vehicle Tracking 2026 License is a professional transportation planning and vehicle simulation software designed for civil engineers, architects, urban planners, and infrastructure specialists. It provides advanced tools for analyzing vehicle movements, creating swept path simulations, and designing efficient transportation layouts. With Autodesk Vehicle Tracking 2026, professionals can evaluate vehicle access, parking arrangements, road designs, and traffic flow requirements with accurate simulation capabilities. The software helps users understand how different vehicles move through spaces, identify potential design issues, and improve overall project efficiency. Vehicle Tracking 2026 is widely used in transportation engineering, urban development, highway design, and architectural planning projects. Its advanced analysis features support better decision-making and help create safer, more practical infrastructure solutions.",in stock,new,79.00 USD,https://www.esoftwarestore.com/product/autodesk-vehicle-tracking-2026-latest-version,https://www.esoftwarestore.com/logo.svg,eSoftware Store,29.00 USD,,Windows,Software > Computer Software
6a72bfae4a9fbc0e9f644a3b,Autodesk | Software Multilanguage 1 Year License 2026,"-100% Digital Delivery Within 24 Hours After Purchase -Get fast and secure access to Autodesk Software Multilanguage 1 Year License 2026 with digital delivery after your purchase. -This product provides access to professional Autodesk software solutions designed for architects, engineers, designers, manufacturers, media professionals, and creative users. -Access powerful Autodesk tools for CAD design, BIM modeling, 3D modeling, engineering simulation, rendering, animation, and professional workflows. -Designed for users who need flexible software solutions with multilingual support for global projects and professional environments. -Compatible with Windows and macOS systems, providing a convenient workflow for different platforms and creative requirements. -After purchase, you will receive the required account details and instructions to download and install Autodesk Software Multilanguage 1 Year License 2026. -Supports a multilingual interface for a smooth experience in different languages. -License validity: 1 year only. -Ideal for architects, engineers, designers, students, businesses, and creative professionals working on advanced design and development projects. -For any support, installation assistance, or queries, contact us via WhatsApp: +447520642304. Autodesk Software Multilanguage 1 Year License 2026 is a comprehensive software solution designed for professionals, businesses, designers, engineers, architects, and creative users who require powerful Autodesk applications for advanced projects. It provides access to professional tools used across industries including architecture, engineering, construction, manufacturing, media, entertainment, and product development. With Autodesk software solutions, users can create detailed CAD drawings, develop BIM models, build 3D designs, perform engineering simulations, create realistic visualizations, and manage professional workflows efficiently. The multilingual support allows users from different regions to work comfortably in their preferred language. This license is ideal for professionals looking for reliable Autodesk tools with flexible access and advanced capabilities. Whether you are designing buildings, developing products, creating animations, or managing engineering projects, Autodesk software provides the technology needed to transform ideas into reality. This product includes 1-year license access with 100% digital delivery within 24 hours after purchase. It supports professional workflows across compatible systems and provides access to industry-standard Autodesk solutions.",in stock,new,79.00 USD,https://www.esoftwarestore.com/product/autodesk-software-multilanguage-1-year-license-2026,https://www.esoftwarestore.com/logo.svg,eSoftware Store,29.00 USD,,Windows,Software > Computer Software
6a6604179fcbef408e11d4cf,CorelDRAW GraphicsSuite2026 For Windows | Full Version Lifetime,"-100% Digital Delivery Within 24 Hrs After purchase -Product will Activate CorelDRAW GraphicsSuite2026 For Windows for windows Full retail edition. -It is full commercial Lifetime license for 1PC 1 User -CorelDRAW Graphics Suite 2026 Check compatibility before Buying , We also have Corel Draw 2025 if need Contact us -For any Support, Help or queries contact us by WhatsApp on +447520642304 CorelDRAW GraphicsSuite2026 For Windows 1 PC / 1 User | Lifetime License (Perpetual) | Digital Delivery Unlock your full creative potential with CorelDRAW® Graphics Suite 2026 for Windows. Built for graphic designers, illustrators, and creative professionals, this all-in-one suite delivers vector illustration, layout design, photo editing, and typography tools—enhanced with AI-driven workflows and high-speed performance.Enjoy a one-time purchase lifetime license with instant digital delivery, giving you full ownership on 1 PC without recurring subscription fees.What’s Included in the SuiteCorelDRAW®: Precision vector illustration and multi-page layout design.Corel PHOTO-PAINT™: AI-enhanced photo editing and raster design.Corel® Font Manager: Seamless font exploration and management tools.CAPTURE™: Fast, high-resolution screen capture utility for Windows.Pantone® Color Libraries: Integrated access to official Pantone color palettes for exact print accuracy.Key Features & Highlights1-Click AI Background Removal: Detect and isolate subjects instantly, even with complex details like hair and fine edges.AI-Powered Image Generation & Remixing: Create unique vector and raster artwork from text prompts or transform existing images on the fly.Up to 3x Faster Performance: Experience faster app launch times, smoother zooming, and improved rendering stability.Refreshed User Interface: A modern, streamlined workspace optimized for Windows.Integrated Color Management: Professional prepress setup and Pantone® library integration ensure your print outputs match your screen.Product SpecificationsSpecificationDetailsSoftware NameCorelDRAW Graphics Suite 2026PlatformWindows (10 / 11 – 64-bit)License TypeLifetime / Perpetual License (Non-Subscription)Devices1 PC / 1 UserDelivery MethodOfficial Digital Download + Product KeyActivationSecure online activation",in stock,new,600.00 USD,https://www.esoftwarestore.com/product/coreldraw-graphicssuite2026-for-windows-full-version-lifetime,https://esoftwarestore-api.onrender.com/uploads/products/1785070321188-ed8c7fafe89f.jpg,eSoftware Store,350.00 USD,,Windows,Software > Computer Software
6a6605329fcbef408e11d4e9,CorelDRAW GraphicsSuite2026 for Mac,"-100% Digital Delivery Within 24 Hrs After purchase -Product will Activate CorelDRAW GraphicsSuite2026 for Mac Full retail edition. -It is full commercial Lifetime license for 1Mac 1 User -CorelDRAW GraphicsSuite2026 for Mac Check compatibility before Buying , We also have Corel Draw 2025 if need Contact us -For any Support, Help or queries contact us by WhatsApp on +447520642304 CorelDRAW® Graphics Suite 2026 for Mac1 Mac / 1 User | Perpetual Mac License (Lifetime) | Instant Digital DeliveryDesigned natively for macOS, CorelDRAW® Graphics Suite 2026 for Mac offers an intuitive, high-performance workspace tailored specifically for Apple users. From intricate vector artwork and typography to photo editing and multi-page layouts, this suite leverages native macOS capabilities—including Apple Silicon acceleration and native interface design—to power your creative workflow.Enjoy a one-time purchase lifetime license with instant digital delivery, allowing permanent access on 1 Mac without recurring subscription fees.What’s Included in the SuiteCorelDRAW® for Mac: Precision vector illustration and multi-page graphic layouts built for macOS.Corel PHOTO-PAINT™ for Mac: AI-driven pixel editing, photo retouching, and raster design.Corel® Font Manager (Mac Edition): Effortlessly organize, preview, and apply your custom font collections.Pantone® Color Libraries: Official Pantone color palettes built directly into the color workflow for accurate print output.Key Features & Mac OptimizationsNative macOS Interface: Tailored for Mac users with support for Dark Mode, macOS navigation gestures, and Touch Bar integration.Apple Silicon & Mac Optimization: Accelerated vector rendering and faster export times powered by M-series chip architecture and Metal graphics engine support.Precision AI Background Removal: Quickly extract and isolate complex objects, fine hair, and subjects with single-click AI precision.Mac-Optimized AI Tools: Generate vector elements, expand compositions, and apply artistic filters using on-device AI acceleration.Integrated macOS Services: Effortlessly sync assets across macOS apps and leverage native system color management.Product SpecificationsSpecificationDetailsSoftware NameCorelDRAW Graphics Suite 2026 (Mac Edition)PlatformmacOS (macOS 14 Sonoma, 15 Sequoia, or 26 Tahoe compatible)ArchitectureNative support for Apple Silicon (M1/M2/M3/M4) & Intel ProcessorsLicense TypeLifetime / Perpetual Mac License (Non-Subscription)Devices1 Mac / 1 UserDelivery MethodOfficial Digital Download + Product KeyActivationSecure online native Mac activation",in stock,new,800.00 USD,https://www.esoftwarestore.com/product/coreldraw-graphicssuite2026-for-mac,https://esoftwarestore-api.onrender.com/uploads/products/1785070893210-e186ca0cce74.jpg,eSoftware Store,380.00 USD,,Mac,Software > Computer Software
6a6607249fcbef408e11d513,CorelDRAW GraphicsSuite2026 for Mac | Non-Commerical,"-100% Digital Delivery Within 24 Hrs After purchase -Product will Activate CorelDRAW GraphicsSuite2026 for Mac Non-Commerical edition. -It is full commercial Lifetime license for 1Mac 1 User -CorelDRAW GraphicsSuite2026 for Mac Check compatibility before Buying , We also have Corel Draw 2025 if need Contact us -For any Support, Help or queries contact us by WhatsApp on +447520642304 CorelDRAW® Graphics Suite 2026 – Non-Commercial Edition1 User / Personal & Student License | Non-Commercial | Instant Digital DeliveryDesigned specifically for hobbyists, students, educators, and personal creative projects, CorelDRAW® Graphics Suite 2026 (Non-Commercial Edition) gives you full access to professional-grade vector illustration, layout, photo editing, and typography tools—without the full commercial license price tag.Ideal for home projects, school assignments, community organizations, and personal artwork, this suite provides all the creative tools you need while adhering to non-commercial usage guidelines.What’s Included in the Non-Commercial EditionCorelDRAW®: Vector illustration and layout design for posters, cards, school projects, and personal artwork.Corel PHOTO-PAINT™: AI-powered photo editing, retouching, and image manipulation.Corel® Font Manager: Explore, preview, and organize custom fonts for your personal design projects.Pantone® Color Libraries: Integrated access to official color palettes for precise color reproduction.Key Features & Highlights1-Click AI Background Removal: Effortlessly cut out subjects, fine details, and background elements for collage and design work.AI-Powered Design Tools: Turn concepts into artwork using integrated AI generation features and smart vector tracing.Modern, Refreshed Interface: Enjoy a clean, easy-to-navigate workspace optimized for both beginner and experienced creators.Up to 3x Faster Performance: Fast startup, responsive zooming, and smooth rendering across multi-page documents.Personal Use License: Budget-friendly pricing tailored strictly for learning, personal hobbies, and non-profit projects.Product SpecificationsSpecificationDetailsSoftware NameCorelDRAW Graphics Suite 2026 (Non-Commercial)Permitted UsePersonal, Educational, and Non-Commercial Use OnlyPlatform OptionsWindows (10/11) or macOSLicense TypeLifetime / Perpetual Personal LicenseDevices1 User / Personal PC or MacDelivery MethodOfficial Digital Download + Product KeyActivationOnline activation via account setup",in stock,new,445.00 USD,https://www.esoftwarestore.com/product/coreldraw-graphicssuite2026-for-mac-non-commerical,https://esoftwarestore-api.onrender.com/uploads/products/1785071372449-328c78c03495.jpg,eSoftware Store,175.00 USD,,Mac,Software > Computer Software
6a66e7253f3b7d504573fb2d,CorelDRAW GraphicsSuite2026 | Student License for Windows,"-100% Digital Delivery Within 24 Hrs After purchase -Product will Activate CorelDRAW GraphicsSuite2026 Student License For Windows for windows Full retail edition. -It is full commercial Lifetime license for 1PC 1 User -CorelDRAW Graphics Suite 2026 Check compatibility before Buying , We also have Corel Draw 2025 if need Contact us -For any Support, Help or queries contact us by WhatsApp on +447520642304 CorelDRAW® Graphics Suite 2026 – Student License 1 Student / Educational License | Windows & Mac Compatible | Instant Digital Delivery Empower your academic journey and creative skill set with CorelDRAW® Graphics Suite 2026 (Student License). Specially tailored for enrolled students, educators, and academic coursework, this comprehensive software package delivers professional-grade vector illustration, page layout, photo editing, and typography tools at a fraction of the commercial cost. Whether you are mastering graphic design, fine arts, architecture, or digital media, this suite provides an intuitive environment paired with powerful AI tools to bring school projects and creative portfolios to life. What’s Included in the Student Edition CorelDRAW®: Full-featured vector illustration and multi-page layout application. Corel PHOTO-PAINT™: AI-powered image editing, photo retouching, and pixel-based design. Corel® Font Manager: Font exploration and organization tools to preview and manage typography without manual installation. PowerTRACE™: AI-assisted bitmap-to-vector tracing for converting sketches into scalable vector graphics. Pantone® Color Libraries: Access integrated color palettes for print accuracy and professional project outputs. Student-Friendly Features & Learning Tools In-App Learning & Practice Projects: Fast-track your learning curve with interactive tool inspectors, step-by-step tutorials, and pre-built design templates. Generative AI Design Tools: Create original visuals from text prompts, isolate subjects using 1-click background removal, and refine artwork faster. Cross-Platform Performance: Optimized performance and interface for both macOS and Windows systems. Budget-Friendly Academic Pricing: Affordable license designed to make industry-standard design tools accessible to learning environments.",in stock,new,250.00 USD,https://www.esoftwarestore.com/product/coreldraw-graphicssuite2026-student-license-for-windows,https://esoftwarestore-api.onrender.com/uploads/products/1785128736047-b3574d7adc53.jpg,eSoftware Store,150.00 USD,,Windows,Software > Computer Software
6a6833fd374539a8aceef53d,Kaspersky Antivirus Premium | 1PC | 1User | Americans,"-100% Digital Delivery Within 24 Hrs After purchase. -Product will Activate Kaspersky Antivirus Premium for 1year. -It will Work with Both MacOS or Windows. -Product Will Activate in Americas Region Only i.e. North,South,Centeral America & Caribbean. -It is multilingual License for 1 Year only. -For any Support, Help or queries contact us by WhatsApp on +447520642304. Protect your computer with Kaspersky Standard, a powerful cybersecurity solution engineered to deliver real-time protection without compromising system speed. Designed for a single device, this 1-year subscription blocks advanced digital threats—including viruses, malware, ransomware, and phishing attempts—before they can compromise your system or personal data. In addition to core antivirus defense, Kaspersky Standard features integrated performance tools. It includes disk cleanup utilities, startup management, and app optimization features to keep your PC running smoothly and boot times fast. Built-in payment protection safeguards your online banking transactions and shopping credentials, ensuring sensitive financial details remain secure. Operating seamlessly in the background, the software offers a ""Do Not Disturb"" mode that silences notifications during gaming, video streaming, or presentation modes for an uninterrupted experience. Delivered digitally within 24 hours of purchase, this product includes simple setup instructions and full support to get your device protected quickly.",in stock,new,100.00 USD,https://www.esoftwarestore.com/product/kaspersky-antivirus-premium-1pc-1user-americans,https://esoftwarestore-api.onrender.com/uploads/products/1785222304585-e3baae177871.jpg,eSoftware Store,35.00 USD,,Windows,Software > Computer Software
6a682fe0374539a8aceef44c,Kaspersky Antivirus Standard |1PC |1 User | Americans,"- 100% digital fulfillment delivered within 24 hours of purchase. - Provides full access to Kaspersky Standard features and updates for 1 full year. - Works seamlessly on both Windows and macOS devices. - Product Will Activate in Americas Region Only i.e. North,South,Centeral America & Caribbean. -For setup help or inquiries, reach out to us on WhatsApp at +447520642304. Kaspersky Antivirus Standard | 1 PC | 1 User is a powerful cybersecurity solution designed to provide reliable protection for individual users who want to secure their personal computer against modern digital threats. It helps protect your device from viruses, malware, ransomware, spyware, phishing attacks, and other online risks with advanced security technologies. Designed for one PC and one user, Kaspersky Antivirus Standard offers real-time protection that continuously monitors your system, detects suspicious activities, and blocks potential threats before they can damage your files or compromise your privacy. It provides a safer online experience for browsing, shopping, banking, downloading files, and everyday computer use. Kaspersky Antivirus Standard is an ideal choice for American users, home users, and professionals looking for dependable protection for a single computer. With trusted cybersecurity technology and efficient threat detection, it helps keep your digital life safer while providing smooth and reliable PC performance.",in stock,new,40.00 USD,https://www.esoftwarestore.com/product/kaspersky-antivirus-standard,https://esoftwarestore-api.onrender.com/uploads/products/1785222112993-879efb881db9.jpg,eSoftware Store,15.00 USD,,Windows,Software > Computer Software
6a683792374539a8aceef58c,MCafee Total Protection | 1PC| 1 User,"-100% Digital Delivery Within 24 Hrs After purchase. -Product will Activate MCafee Total Protection for 1year. -It will Work with Both MacOS or Windows. -On purchase this Product You will get Random Account that you can use at MCafee.com and from there you can download and install Product. -It is multilingual License for 1 Year only. -For any Support, Help or queries contact us by WhatsApp on +447520642304. McAfee Total Protection | 1 PC | 1 User is a comprehensive cybersecurity solution designed to provide advanced protection for your personal computer against viruses, malware, ransomware, spyware, phishing attacks, and other online threats. It combines powerful antivirus technology with privacy and performance tools to help keep your digital life safe and secure. Designed for one PC and one user, McAfee Total Protection delivers real-time threat detection that continuously monitors your device and blocks suspicious activities before they can cause damage. It helps protect your personal files, passwords, financial information, and online identity while browsing, shopping, banking, or downloading content from the internet. McAfee Total Protection is an ideal security solution for home users, professionals, and individuals who want reliable protection for their computer. With trusted cybersecurity technology, privacy features, and intelligent threat prevention, it provides a safer and more secure computing experience for everyday digital activities.",in stock,new,79.00 USD,https://www.esoftwarestore.com/product/mcafee-total-protection-1pc-1-user,https://esoftwarestore-api.onrender.com/uploads/products/1785222469500-0f2be869d981.jpg,eSoftware Store,20.00 USD,,Windows,Software > Computer Software
6a69869de94b3dc9095108d4,Microsoft Project Professional 2019,"-100% Digital Delivery Within 24 Hours After Purchase. -Product will activate Microsoft Project Professional 2019 with a valid license for professional project planning, scheduling, and management. -Compatible with supported Windows operating systems and designed for project managers, businesses, organizations, and professional teams. -On purchase of this product, you will receive the required Microsoft Project Professional 2019 activation details/license information to download, install, and activate the software. -Microsoft Project Professional 2019 License provides a powerful platform for managing projects, creating schedules, tracking progress, allocating resources, and improving workflow efficiency. -This is a multilingual license, allowing users to configure Microsoft Project Professional 2019 in their preferred supported language. -Suitable for businesses, project managers, enterprises, and professionals who need an advanced solution for planning and managing complex projects. -For any support, assistance, or queries, contact our customer support team via WhatsApp: +447520642304. Microsoft Project Professional 2019 is a powerful project management software designed for project managers, businesses, teams, and organizations that need an efficient solution for planning, scheduling, and managing projects. It provides a professional platform to organize tasks, monitor progress, manage resources, and improve project execution. Project Professional 2019 helps users create detailed project plans, define timelines, assign responsibilities, and track important milestones. It is suitable for managing small projects as well as complex business operations across different industries. With its familiar Microsoft interface, users can easily create structured project workflows and maintain better control over project activities. Designed for professional environments, Microsoft Project Professional 2019 supports effective project planning and helps teams improve collaboration, productivity, and decision-making. It allows organizations to manage resources, budgets, schedules, and project goals in a more organized and efficient way. Whether you are managing business projects, construction plans, IT development, marketing campaigns, or organizational workflows, Microsoft Project Professional 2019 provides a reliable and flexible solution for professional project management needs.",in stock,new,275.00 USD,https://www.esoftwarestore.com/product/microsoft-project-professional-2019,https://esoftwarestore-api.onrender.com/uploads/products/1785318761641-df9d5ebfb1ab.jpg,eSoftware Store,29.00 USD,,Windows,Software > Computer Software
6a6983ece94b3dc909510897,Microsoft Visio Professional 2019 Edition,"-100% Digital Delivery Within 24 Hours After Purchase. -Product will activate Microsoft Visio Professional 2019 with a valid license for creating professional diagrams, flowcharts, business visuals, and technical drawings. -Compatible with supported Windows operating systems and designed for professionals, businesses, IT teams, engineers, and organizations. -On purchase of this product, you will receive the required Microsoft Visio Professional 2019 activation details/license information to download, install, and activate the software. -Microsoft Visio Professional 2019 License provides a powerful platform for designing network diagrams, process maps, organizational charts, workflows, and professional visual presentations. -This is a multilingual license, allowing users to configure Microsoft Visio Professional 2019 in their preferred supported language. -Suitable for business users, project managers, developers, architects, engineers, and professionals who need advanced diagramming and visualization tools. -For any support, assistance, or queries, contact our customer support team via WhatsApp: +447520642304. Microsoft Visio Professional 2019 is a powerful diagramming and visualization software designed for professionals, businesses, IT teams, engineers, project managers, and organizations that need to create clear and professional visual representations of complex information. It provides an efficient platform for designing flowcharts, network diagrams, organizational charts, process maps, floor plans, and business workflows. Visio Professional 2019 helps users transform ideas and data into easy-to-understand visual diagrams. It is suitable for planning projects, documenting processes, designing systems, and presenting information in a professional format. With its familiar Microsoft interface, users can quickly create and manage detailed diagrams for business and technical purposes. Designed for professional environments, Microsoft Visio Professional 2019 supports efficient collaboration and helps teams communicate ideas more effectively through visual documentation. It is widely used across industries such as business management, engineering, software development, architecture, and IT infrastructure planning. Whether you are creating business process models, network layouts, organizational structures, or technical diagrams, Microsoft Visio Professional 2019 provides a reliable and flexible solution for professional visualization needs. It is an ideal choice for users who require advanced diagram creation capabilities with the stability and familiarity of Microsoft software.",in stock,new,275.00 USD,https://www.esoftwarestore.com/product/microsoft-visio-professional-2019-edition,https://esoftwarestore-api.onrender.com/uploads/products/1785318717511-d01bc021a1ed.jpg,eSoftware Store,29.00 USD,,Windows,Software > Computer Software
6a6988d5e94b3dc909510900,Nitro PDF Pro 14 Windows Edition,"100% Digital Delivery Within 24 Hours After Purchase. Product will activate Nitro PDF Pro 14 for Windows with a valid license for professional PDF creation, editing, conversion, and document management. Compatible with supported Windows operating systems and designed for professionals, businesses, students, and organizations. On purchase of this product, you will receive the required Nitro PDF Pro 14 activation details/license information to download, install, and activate the software. Nitro PDF Pro 14 License provides a powerful platform for creating, editing, converting, signing, and managing PDF documents efficiently. This is a multilingual license, allowing users to use Nitro PDF Pro 14 in their preferred supported language. Suitable for business users, professionals, offices, and individuals who need a reliable PDF solution for document productivity and workflow management. For any support, assistance, or queries, contact our customer support team via WhatsApp: +447520642304. Nitro PDF Pro 14 for Windows is a professional PDF management software designed for individuals, businesses, and organizations that need an efficient solution for creating, editing, converting, and managing PDF documents. It provides a reliable platform for handling digital documents with ease while improving productivity and workflow efficiency. Nitro PDF Pro 14 helps users work with PDF files more effectively by providing tools for document creation, editing, conversion, reviewing, and secure sharing. It is suitable for professionals, offices, students, and businesses that regularly work with digital documents and require a dependable PDF solution. Designed for Windows users, Nitro PDF Pro 14 offers a user-friendly interface that makes managing PDF files simple and convenient. It helps users organize documents, prepare professional files, and streamline document-related tasks without complicated processes. Whether you need to edit existing PDF files, convert documents into different formats, prepare business documents, or manage important digital files, Nitro PDF Pro 14 for Windows provides a powerful and flexible solution. It is an ideal choice for users looking for a professional PDF software alternative that delivers reliable performance, efficient document handling, and a smooth working experience. Nitro PDF Pro 14 helps businesses and individuals improve their digital document workflow with a trusted PDF productivity platform.",in stock,new,125.00 USD,https://www.esoftwarestore.com/product/nitro-pdf-pro-14-windows-edition,https://esoftwarestore-api.onrender.com/uploads/products/1785318805327-6f28ba376c63.jpg,eSoftware Store,55.00 USD,,Windows,Software > Computer Software
6a6838c6374539a8aceef5c7,Office 2019 Pro Plus | 1PC | 1 User | Windows,"-100% Digital Delivery Within 24 Hrs After purchase. -Product will Activate Office 2019 Pro Plus Lifetime License For Windows. -It will Work with Windows. -It is multilingual License for Lifetime Activation . -For any Support, Help or queries contact us by WhatsApp on +447520642304. Microsoft Office 2019 Professional Plus is a complete productivity solution designed for professionals, businesses, students, and organizations that need reliable desktop applications for daily work. It provides a powerful and efficient platform for creating documents, managing business tasks, preparing presentations, handling emails, and improving overall productivity. Office 2019 Professional Plus offers a familiar and user-friendly experience with advanced tools that help users complete their work faster and more effectively. It is a one-time purchase version of Microsoft Office, allowing users to access professional Office applications without monthly or yearly subscription payments. Designed for Windows users, Office 2019 Professional Plus delivers excellent performance, improved stability, and enhanced security for modern computing environments. It is suitable for home offices, corporate workplaces, educational institutions, and professional users who prefer a traditional desktop Office experience. With Microsoft Office 2019 Professional Plus, users can create professional documents, manage important files, organize business communication, analyze information, and complete everyday tasks efficiently. The software provides a dependable working environment with long-term usability and offline access. Whether you are managing business operations, preparing reports, creating presentations, or handling personal projects, Microsoft Office 2019 Professional Plus provides a trusted and professional solution for all your productivity requirements. It remains a popular choice for users who prefer a stable Office package with a one-time licensing model.",in stock,new,100.00 USD,https://www.esoftwarestore.com/product/office-2019-pro-plus-1pc-1-user-windows,https://esoftwarestore-api.onrender.com/uploads/products/1785231315573-397c759a9bed.jpg,eSoftware Store,31.00 USD,,Windows,Software > Computer Software
6a65f4288ff00e4aa6a987ec,Office 2021 Home & Business For Mac | 1Mac | Lifetime,"Microsoft Office 2021 Home & Business for Mac is a powerful productivity suite designed for professionals, small businesses, and home users. This lifetime license allows installation on 1 Mac device with access to essential applications like Word, Excel, PowerPoint, and Outlook. Create professional documents, manage data efficiently, design impressive presentations, and handle emails with advanced tools. Office 2021 provides improved performance, enhanced security features, and a familiar user-friendly interface optimized for macOS. With a one-time purchase and no monthly subscription, users can enjoy reliable Office applications with lifetime ownership for their Mac system. Perfect for business and personal productivity needs. Boost your productivity with Office 2021 Home & Business for Mac – 1 Mac Lifetime License. This complete Microsoft Office suite provides powerful tools for creating professional documents, managing spreadsheets, designing presentations, and organizing business communication. Optimized for Mac users, it offers advanced features, improved speed, and reliable performance without monthly subscription costs. The lifetime license allows installation on one Mac device, making it a cost-effective choice for individuals, freelancers, and small businesses. Enjoy trusted Microsoft applications including Word, Excel, PowerPoint, and Outlook with a secure, efficient, and user-friendly experience built for modern work environments.",in stock,new,200.00 USD,https://www.esoftwarestore.com/product/office-2021-home-business-for-mac-1mac-lifetime,https://esoftwarestore-api.onrender.com/uploads/products/1785066492209-4019037fc3e0.jpg,eSoftware Store,88.00 USD,,Windows,Software > Computer Software
6a65f22e8ff00e4aa6a987b9,Office 2021 Pro Plus for Windows | 1PC - 1User | Lifetime,"-100% Digital Delivery Within 24 Hrs After purchase -Product will Activate Office 2021 Full Version -Yes It can be Installed in Windows 10 & Windows 11 Before Buying Please check eighter Windows 10 or Windows 11 already installed on your computer -It is Multilingual Office package you can install available language or your choice -Product is not for Mac OS any version. Microsoft Office 2021 Pro Plus (1 PC / Lifetime License)Boost your business efficiency and daily productivity with Microsoft Office 2021 Professional Plus. Designed for professionals, small businesses, and power users, this essential suite offers the traditional desktop versions of Microsoft’s core applications. Enjoy full offline functionality with a single one-time payment—no subscriptions or hidden recurring fees.Key Features & HighlightsLifetime License / One-Time Purchase: Pay once and gain permanent activation on 1 Windows PC.Complete Desktop Applications: Includes 2021 versions of Word, Excel, PowerPoint, Outlook, OneNote, Access, and Publisher.Co-Authoring & Real-Time Collaboration: Work on documents alongside team members in real-time with updated collaboration tools.Modernized UI & Performance: Features refreshed ribbon interfaces, dark mode support, and faster app loading times.Advanced Excel Analytics: Take advantage of powerful data features like XLOOKUP, dynamic arrays, and LET functions.Enhanced PowerPoint Presenting: Record presentations with slide timing, ink laser pointer controls, and improved hand-drawn element rendering.Instant Digital Delivery: Receive your official license key and activation link straight to your email.Included ApplicationsApplicationPrimary Use CaseMicrosoft WordProfessional document creation, editing, and formatting.Microsoft ExcelData entry, complex calculations, and dynamic charting.Microsoft PowerPointHigh-impact slideshows and visual presentations.Microsoft OutlookBusiness-class email management, calendars, and tasks.Microsoft OneNoteDigital notebook for organized idea capture and notes.Microsoft AccessCustom database building and data tracking for PC.Microsoft PublisherDesktop publishing for brochures, flyers, and marketing materials.",in stock,new,79.00 USD,https://www.esoftwarestore.com/product/office-2021-pro-plus-for-windows-1pc-1user-lifetime,https://esoftwarestore-api.onrender.com/uploads/products/1785066022158-1746bfa2cdfd.jpg,eSoftware Store,32.00 USD,,Windows,Software > Computer Software
6a65dc85af20fb08ab405294,Office 2024 Home & Business for Mac | 1Mac |lifetime license,"Office 2024 Homae & business For MAC| 1PC Key | Digital Delivery | Lifetime License -100% Digital Delivery Within 24 Hrs After purchase -Product will Activate Office 2024 Homae & business For MAC Full Version -Yes It can be Installed in Mac OS Only Before Buying Please check eighter your Mac OS or MacBook or iMac is compatible with this version or not - It is Multilingual Office package you can install available language or your choice - Product is for Mac OS 14 or higher For any Support, Help or quarries contact us by WhatsApp on +447520642304 Microsoft Office 2024 Home & Business for Mac (1 Mac / 1 User)Empower your business and home office productivity with Microsoft Office 2024 Home & Business for Mac. Designed specifically for macOS, this essential suite provides classic desktop versions of Microsoft’s top application software. With a one-time purchase, you get permanent commercial licensing rights without worrying about recurring subscription fees.Key Features & HighlightsLifetime Commercial License: One-time purchase licensed for home or commercial business use on 1 Mac.Native Apple Silicon Support: Optimized as a Universal Binary to run natively on Apple Silicon (M1, M2, M3, M4 chips) and Intel-based Macs for faster startup and enhanced power efficiency.Complete macOS Suite: Includes classic 2024 desktop versions of Word, Excel, PowerPoint, Outlook, and OneNote.Modernized UI: Updated Fluent Design principles seamlessly integrate with macOS aesthetics and dark mode settings.Enhanced Excel Functions: Includes new dynamic array functions, image insertion tools (IMAGE), and improved performance with multiple open workbooks.Next-Gen Outlook for Mac: Customizable swipe gestures for multi-touch trackpads/Magic Mouse and improved search accuracy across emails, contacts, and calendar events.Digital Delivery: Receive your genuine product key instantly via email with step-by-step activation instructions.Included Applications for MacApplicationBest ForMicrosoft WordAdvanced document drafting, formatting, and built-in accessibility tools.Microsoft ExcelData analysis, array formulas, dynamic charts, and financial tracking.Microsoft PowerPointPresenting with video recording studio, Morph transitions, and Cameo live feeds.Microsoft OutlookBusiness-class email management, multi-calendar scheduling, and contacts.Microsoft OneNoteDigital note-taking, sketching, and cross-device project organization.",in stock,new,300.00 USD,https://www.esoftwarestore.com/product/office-2024-home-business-for-mac-1mac-lifetime-license,https://esoftwarestore-api.onrender.com/uploads/products/1785063990150-961823b4d881.jpg,eSoftware Store,195.00 USD,,Windows,Software > Computer Software
6a65d943ae2278cebc28f79f,Office 2024Pro Plus LTSC |1PC-1User | For windows Only,"Office 2024 LTSC | 1PC Key | Digital Delivery | Lifetime License -100% Digital Delivery Within 24 Hrs After purchase -Product will Activate Office 2024 LTSC Full Version -Yes It can be Installed in Windows 10 & Windows 11 Before Buying Please check eighter Windows 10 or Windows 11 already installed on your computer - It is Multilingual Office package you can install available language or your choice - Product is not for Mac OS any version. For any Support, Help or quarries contact us by WhatsApp on +447520642304 Microsoft Office 2024 Pro Plus LTSC (1 PC / 1 User)Unlock maximum productivity and long-term reliability with Microsoft Office 2024 Professional Plus LTSC. Engineered specifically for professionals, businesses, and enterprise environments, this standalone suite provides the essential desktop tools required for daily operations without the ongoing cost of a subscription.Key Features & HighlightsLifetime License / One-Time Purchase: Pay once and enjoy permanent access on a single Windows PC—no monthly or annual renewal fees.Complete Desktop Suite: Includes 2024 classic versions of Word, Excel, PowerPoint, Outlook, OneNote, and Access.LTSC (Long Term Servicing Channel): Delivers absolute stability and extended offline support built for high-performance and regulated environments.Fluent Design & Improved Performance: Features a modern theme aligned with Windows 11 and enhanced speed across all applications.Advanced Excel Capabilities: Access new dynamic array charts, image-in-cell functions, and updated text processing functions.Enhanced Presentation Tools: Leverage PowerPoint Cameo to embed live camera feeds directly onto slides and create seamless video recordings.Digital Delivery: Get instant email delivery of your official product key along with simple activation instructions.Included ApplicationsApplicationBest ForMicrosoft WordProfessional document creation and advanced editing.Microsoft ExcelData analysis, complex formulas, and dynamic visualizations.Microsoft PowerPointEngaging presentations with live camera feeds and recording tools.Microsoft OutlookComprehensive email management, calendars, and contacts.Microsoft OneNoteDigital note-taking and project organization.Microsoft AccessDatabase management for PC.",in stock,new,79.00 USD,https://www.esoftwarestore.com/product/office-2024pro-plus-ltsc-1pc-1user-for-windows-only,https://esoftwarestore-api.onrender.com/uploads/products/1785064596222-866ed4eeefeb.jpg,eSoftware Store,29.00 USD,,Windows,Software > Computer Software
6a66f11df6054444a492a584,Office 365 For Windows/Mac | 1PC - 1Year,"-100% Digital Delivery Within 24 Hrs After purchase. -Product will Activate Office 365 for 1year. -It will Work with Both MacOS or Windows. -On purchase this Product You will get Random Account that you can use at office.com and from there you can download and install Product. -It is multilingual License for 1 Year only. -For any Support, Help or queries contact us by WhatsApp on +447520642304. Microsoft® 365 (Formerly Office 365) Subscription-Based Productivity Suite | Windows, Mac, iOS & Android | Instant Digital Delivery Stay connected, organized, and creative with Microsoft 365. Powered by AI-driven tools, secure cloud storage, and premium app experiences, Microsoft 365 ensures you always have the most up-to-date versions of Microsoft’s flagship productivity software—backed by continuous feature updates and security patches without needing to buy new releases. Key Highlights & Subscription Benefits Always Up-to-Date: Receive immediate access to the latest features, security enhancements, and performance updates across all applications as soon as they roll out. Integrated Microsoft Copilot: Supercharge your productivity with built-in AI assistance in Word, Excel, PowerPoint, and Outlook to draft content, analyze complex data, and design presentation slides faster. 1 TB Cloud Storage per User: Keep your files, documents, and high-resolution photos protected in OneDrive with built-in ransomware detection and file recovery. Multi-Device Access: Sign into up to 5 devices simultaneously per account across PC, Mac, iPad, iPhone, and Android platforms. Advanced Digital Security: Protect your identity, devices, and data using Microsoft Defender and ad-free secure Outlook email protection. What’s Included in the Suite Microsoft Word: Modern writing and document creation with real-time co-authoring and AI drafting tools. Microsoft Excel: Advanced data modeling, formulas, dynamic charts, and AI data insights. Microsoft PowerPoint: Professional slide design, transition effects, and automated layout styling. Microsoft Outlook: Integrated ad-free email management, intelligent scheduling, and shared calendar tools. Microsoft OneNote: Flexible digital notebook for capturing handwritten notes, web clippings, and organized ideas. Microsoft Teams & Defender: Secure messaging, high-definition video calls, and comprehensive cross-device antivirus and identity protection.",in stock,new,100.00 USD,https://www.esoftwarestore.com/product/office-365-for-windows-mac-1pc-1year,https://esoftwarestore-api.onrender.com/uploads/products/1785131285127-39c5e421e2aa.jpg,eSoftware Store,8.00 USD,,Windows,Software > Computer Software
6a68764675c17ccffcba5f73,Project Pro 2021 | 1PC-1User | Lifetime,"-100% Digital Delivery Within 24 Hrs After purchase. -The product will activate Project 2021 Full Retail Edition. -It will work with Office 2021 and Office 2021. -Office 2021, Project 2021 and Project 2021 work only with Windows 10 and Windows 11. It is multilingual. -For any Support, help, or queries, contact us via WhatsApp on +447520642304. Microsoft Project Professional 2021 – Lifetime License for 1 PCTake control of your projects, resources, and teams with Microsoft Project Professional 2021. Designed for project managers, business owners, and teams who need robust tools to plan, execute, and deliver projects on schedule and within budget.This is a one-time purchase (Lifetime License) for 1 PC, delivered digitally for fast and easy activation.Key HighlightsLicense Type: Full Version / Lifetime License (No subscription fees)Devices: 1 PC (Windows 10 or Windows 11)Delivery Method: Instant Digital Delivery via EmailSupport: Lifetime updates and technical support includedWhy Choose Microsoft Project Pro 2021?Pre-Built Templates: Get started quickly using out-of-the-box customizable templates built to industry standards.Advanced Scheduling: Utilize interactive Gantt charts, automated scheduling features, and task dependencies to keep projects moving forward seamlessly.Resource Management: Easily allocate project resources—including team members, equipment, and materials—to optimize efficiency and avoid bottlenecks.Built-in Reporting: Generate visually compelling reports, burn-down charts, and financial summaries to communicate progress effectively with stakeholders.Seamless Collaboration: Sync directly with Project Server and Project Online (LTSC) to streamline team workflows and stay connected.System RequirementsComponentRequirementOperating SystemWindows 10, Windows 11, or Windows Server 2019/2022Processor1.6 GHz or faster, 2-core processorMemory (RAM)4 GB RAM (64-bit); 2 GB RAM (32-bit)Hard Disk Space4.0 GB of available disk spaceDisplay1280 x 768 screen resolutionInternetRequired for initial digital download and product activation",in stock,new,265.00 USD,https://www.esoftwarestore.com/product/project-pro-2021-1pc-1user-lifetime,https://esoftwarestore-api.onrender.com/uploads/products/1785230843181-9e8dfdf6540c.jpg,eSoftware Store,30.00 USD,,Windows,Software > Computer Software
6a66eb3f3f3b7d504573fb77,Project Pro 2024 For Windows | 1PC | lifetime License,"-100% Digital Delivery Within 24 Hrs After purchase. -Product will Activate Project Pro 2024 Full retail edition. -It will Work with Office 2024 and office 2021. -Office 2024 Visio 2024 and Project 2024 works only with Windows 10 and windows 11. -It is multilingual. -For any Support, Help or queries contact us by WhatsApp on +447520642304. Microsoft® Project Professional 20241 PC / 1 User | Lifetime License (Perpetual) | Instant Digital DeliveryTake full control of your initiatives with Microsoft Project Professional 2024. Engineerd for project managers, team leaders, and enterprise teams, Project Pro 2024 brings refined scheduling engines, modernized interface design, and intelligent resource tracking to help you deliver projects on time and within budget.Enjoy a one-time purchase perpetual license with instant digital delivery, granting permanent access on 1 PC without recurring subscription fees.Key Features & HighlightsModernized Office 2024 Interface: Clean, high-accessibility layout matching the refreshed Office 2024 design language with improved high-contrast and dark modes.Precision Gantt Charting: Visualize timelines, task dependencies, critical paths, and project milestones with flexible drag-and-drop scheduling.Advanced Resource Management: Assign team members, track work capacity, analyze usage rates, and prevent over-allocation with visual resource heatmaps.Agile & Hybrid Project Management: Switch seamlessly between traditional waterfall timelines, Kanban boards, and Scrum workflows within the same workspace.Cost & Budgeting Controls: Calculate project costs, set baseline budgets, track earned value (EVM), and perform variance analysis.Interactive Power BI Dashboards: Built-in reporting templates for quick status rollups, burndown charts, financial summaries, and executive briefings.What You Can ManageComplex Project Schedules: Build detailed task hierarchies, sub-tasks, and task relationships (FS, SS, FF, SF).Resource Allocation: Map out human capital, machinery, material costs, and generic roles.Critical Path Analysis: Identify bottleneck tasks directly impacting your final delivery date.Portfolio Synchronization: Sync project files directly with Project Server or SharePoint for team-wide collaboration.System RequirementsSpecificationRequirementOperating SystemWindows 11, Windows 10, Windows Server 2019/2022Processor1.6 GHz or faster, 2-core processorMemory (RAM)4 GB RAM (64-bit) / 2 GB RAM (32-bit)Hard Disk Space4.0 GB available disk spaceDisplay1280 x 768 screen resolutionGraphicsDirectX 10 graphics card for graphics hardware accelerationLicense TypeLifetime / Perpetual License (1 PC / 1 User)Delivery MethodOfficial Digital Download + Product Activation Key",in stock,new,300.00 USD,https://www.esoftwarestore.com/product/project-pro-2024-for-windows-1pc-lifetime-license,https://esoftwarestore-api.onrender.com/uploads/products/1785129781481-d20913c3687b.jpg,eSoftware Store,33.00 USD,,Windows,Software > Computer Software
6a697a6c13687a30c2a12121,SQL Server 2019 Standard Edition,"-100% Digital Delivery Within 24 Hours After Purchase. -Product will activate Microsoft SQL Server 2019 Standard Edition with a valid license for professional database management and server operations. -Compatible with supported Windows Server environments and designed for businesses, developers, database administrators, and IT professionals. -On purchase of this product, you will receive the required SQL Server 2019 Standard activation details/license information to download, install, and activate the software. -Microsoft SQL Server 2019 Standard License provides a reliable platform for managing databases, running applications, storing business data, and supporting professional database workloads. -This is a multilingual license, allowing users to configure SQL Server 2019 Standard according to their preferred supported language. -Suitable for businesses, organizations, developers, and enterprises looking for a secure, scalable, and efficient database management solution. -For any support, assistance, or queries, contact our customer support team via WhatsApp: +447520642304. Microsoft SQL Server 2019 Standard Edition is a professional database management system designed to help businesses, developers, and organizations efficiently store, manage, and process their critical data. It provides a reliable platform for running business applications, managing databases, and supporting daily data operations with strong performance and stability. SQL Server 2019 Standard Edition is suitable for small and medium-sized businesses, enterprise departments, and IT professionals who need a dependable database solution for their applications and workloads. It helps organizations create structured data environments, improve information management, and support business processes with a trusted Microsoft database platform. Designed for modern computing needs, SQL Server 2019 Standard provides a flexible and scalable environment for database administrators and developers. It supports professional database management, application development, reporting, and data-driven solutions while maintaining a secure and efficient workflow. With Microsoft SQL Server 2019 Standard Edition, organizations can manage important business information, support applications, and build reliable database systems. It is an ideal choice for users looking for a stable, professional, and cost-effective database platform for their IT infrastructure.",in stock,new,344.00 USD,https://www.esoftwarestore.com/product/sql-server-2019-standard-edition,https://esoftwarestore-api.onrender.com/uploads/products/1785318612984-7177e2c447a6.jpg,eSoftware Store,45.00 USD,,Windows,Software > Computer Software
SQL22S,Sql server 2022 Standard Edition — SQL Server 2022 Standard,"-100% Digital Delivery Within 24 Hrs After purchase. -Product will Activate SQL Server 2022 Lifetime Licese -It will Work with Windows OS only. -For any Support, Help or queries contact us by WhatsApp on +447520642304. Microsoft SQL Server 2022 is a powerful and advanced database management system designed for businesses, developers, and organizations that need a secure, reliable, and high-performance platform for managing critical data. It provides a robust environment for storing, processing, analyzing, and managing large volumes of information efficiently. Built with modern data requirements in mind, SQL Server 2022 helps organizations handle business applications, enterprise databases, analytics workloads, and data-driven solutions with improved reliability and flexibility. It is suitable for companies of all sizes, from small businesses to large enterprises that require a professional database platform. SQL Server 2022 enables organizations to manage structured data, support business applications, and build intelligent solutions while maintaining a stable and secure database environment. It provides a trusted foundation for developers, database administrators, and IT teams to create, manage, and maintain powerful data solutions. Designed for professional and enterprise environments, Microsoft SQL Server 2022 supports modern business operations by helping organizations organize information, improve data management processes, and make better use of their digital resources.",in stock,new,289.00 USD,https://www.esoftwarestore.com/product/sql-server-2022-standard-edition,https://esoftwarestore-api.onrender.com/uploads/products/1785229185604-276beae9d04d.jpg,eSoftware Store,40.00 USD,6a6842a547d1c4a7fe04094d,Windows,Software > Computer Software
SQL22E,Sql server 2022 Standard Edition — SQL Server 2022 Enterprise,"-100% Digital Delivery Within 24 Hrs After purchase. -Product will Activate SQL Server 2022 Lifetime Licese -It will Work with Windows OS only. -For any Support, Help or queries contact us by WhatsApp on +447520642304. Microsoft SQL Server 2022 is a powerful and advanced database management system designed for businesses, developers, and organizations that need a secure, reliable, and high-performance platform for managing critical data. It provides a robust environment for storing, processing, analyzing, and managing large volumes of information efficiently. Built with modern data requirements in mind, SQL Server 2022 helps organizations handle business applications, enterprise databases, analytics workloads, and data-driven solutions with improved reliability and flexibility. It is suitable for companies of all sizes, from small businesses to large enterprises that require a professional database platform. SQL Server 2022 enables organizations to manage structured data, support business applications, and build intelligent solutions while maintaining a stable and secure database environment. It provides a trusted foundation for developers, database administrators, and IT teams to create, manage, and maintain powerful data solutions. Designed for professional and enterprise environments, Microsoft SQL Server 2022 supports modern business operations by helping organizations organize information, improve data management processes, and make better use of their digital resources.",in stock,new,356.00 USD,https://www.esoftwarestore.com/product/sql-server-2022-standard-edition,https://esoftwarestore-api.onrender.com/uploads/products/1785229208403-1551188d8369.jpg,eSoftware Store,55.00 USD,6a6842a547d1c4a7fe04094d,Windows,Software > Computer Software
6a672bbeffb4c93e3638c158,Visio Pro 2021 | 1PC | Lifetime license,"-100% Digital Delivery Within 24 Hrs After purchase. -The product will activate Visio 2021 Full retail edition. -It will work with Office 2021 and Office 2021. -Office 2021, Visio 2021 and Project 2021 work only with Windows 10 and Windows 11. -It is multilingual. -For any Support, help, or queries, contact us via WhatsApp on +447520642304. Microsoft Visio Professional 2021 | Lifetime LicenseStreamline complex data, map out intricate workflows, and bring your ideas to life with Microsoft Visio Professional 2021. Designed for professionals, engineers, project managers, and IT teams, Visio Pro 2021 delivers an expanded library of templates, shapes, and powerful data-linking capabilities to turn confusing concepts into easy-to-read visual diagrams.Key Features & CapabilitiesPre-Built Templates & Thousands of Shapes: Access a comprehensive collection of modern templates, stencils, and shapes for flowcharts, org charts, network diagrams, floor plans, and engineering designs.Live Data-Linking: Connect diagram shapes directly to real-time internal and external data sources (including Excel and SQL Server) to automatically update visual graphics as underlying data changes.Industry Standards Support: Easily create diagrams compliant with standard industry specifications, including BPMN 2.0, IEEE, and UML 2.5.Seamless Collaboration: Work together simultaneously with team members to create and edit diagrams, add comments, and review updates in real time.AutoCAD Integration: Import DWG files—including enhanced file format support—to seamlessly incorporate advanced architectural or engineering drawings into your workflows.Why Buy Visio Pro 2021?FeatureBenefitLifetime LicenseOne-time purchase—no recurring monthly or annual subscription fees.Instant Digital DeliveryGet your product key and download link sent directly to your email for immediate setup.Professional ClarityConvert complex spreadsheets and technical specs into polished, executive-ready visuals in minutes.",in stock,new,184.00 USD,https://www.esoftwarestore.com/product/visio-pro-2021-1pc-lifetime-license,https://esoftwarestore-api.onrender.com/uploads/products/1785230935269-1e4970e09de7.jpg,eSoftware Store,30.00 USD,,Windows,Software > Computer Software
6a66e9ac3f3b7d504573fb47,Visio Pro 2024 For Windows | 1PC | lifetime License,"-100% Digital Delivery Within 24 Hrs After purchase. -Product will Activate Visio 2024 Full retail edition. -It will Work with Office 2024 and office 2021. -Office 2024 Visio 2024 and Project 2024 works only with Windows 10 and windows 11. -It is multilingual. -For any Support, Help or queries contact us by WhatsApp on +447520642304. Microsoft® Visio®Pro 2024 1 PC / 1 User | Lifetime License (Perpetual) | Instant Digital DeliverySimplify complex processes, systems, and data with Microsoft Visio 2024. Redesigned with a modernized, accessible Office theme and enhanced Fluent Design principles, Visio 2024 provides a intuitive environment to create professional flowcharts, network diagrams, organizational charts, floor plans, and system architecture visuals.Enjoy a one-time purchase perpetual license with instant digital delivery, granting permanent access on 1 PC without recurring subscription fees.Key Features & HighlightsUpdated Office 2024 Theme: Modernized visual interface featuring updated color palettes, modern transparency effects, and accessibility enhancements.Expanded Shapes & Templates Library: Access thousands of customizable shapes, stencils, infographics, pictograms, sticky notes, and technical templates.Enhanced Search Bar: Quickly locate tools, shapes, and features using the updated search bar integrated right in the title bar.Data-Driven Diagramming: Connect diagram shapes to external data sources like Excel to visually map workflows and structural hierarchies.AutoCAD Support & Import: Enhanced compatibility to import DWG files, including updated file format support for engineering and architectural workflows.Flexible Editing: Swap out shapes in existing diagrams without losing layout structure, connections, or data alignments.What You Can CreateFlowcharts & Workflows: Map out business processes, decision trees, and operational paths.Organizational Charts: Visualize company reporting hierarchies and team structures directly from data sources.Network Diagrams: Design IT infrastructures, cloud architectures (Azure, Kubernetes), and network layouts.Floor & Office Plans: Draft architectural layouts, electrical diagrams, and spatial planning models.Timelines & Gantt Charts: Plan project schedules, milestones, and dependencies clearly.System RequirementsSpecificationRequirementOperating SystemWindows 11, Windows 10, Windows Server 2019/2022Processor1.6 GHz or faster, 2-core processorMemory (RAM)4 GB RAM (64-bit) / 2 GB RAM (32-bit)Hard Disk Space4.0 GB available disk spaceDisplay1280 x 768 screen resolutionGraphicsDirectX 10 graphics card for graphics hardware accelerationLicense TypeLifetime / Perpetual License (1 PC / 1 User)Delivery MethodOfficial Digital Download + Activation Key",in stock,new,300.00 USD,https://www.esoftwarestore.com/product/visio-pro-2024-for-windows-1pc-lifetime-license,https://esoftwarestore-api.onrender.com/uploads/products/1785129379428-c287f0ea6e7c.jpg,eSoftware Store,33.00 USD,,Windows,Software > Computer Software
6a65f6fc8ff00e4aa6a98897,Windows 10 Home | 1PC -Lifetime License - Multi lingual,"-100% Digital Delivery Within 24 Hrs After purchase -Product will Activate Windows 10 Home Full retail edition. -Yes It can be upgrade from Windows 11 Pro to Windows 11 Pro Workstation -Before Buying Please check eighter Windows 10 already installed on your computer or your Hardware is compatible with Windows 10 -For any Support, Help or queries contact us by WhatsApp on +447520642304 Microsoft Windows 10 Home (1 PC / Lifetime License)Experience reliable performance, familiar navigation, and solid security with Microsoft Windows 10 Home. Designed for personal computing, everyday tasks, and home entertainment, Windows 10 Home combines the classic Start menu with innovative features like Cortana and Microsoft Edge. Enjoy lifetime access with a simple, one-time activation.Key Features & HighlightsLifetime License / One-Time Purchase: Pay once to activate 1 PC permanently—no monthly subscriptions or recurring fees.Familiar Start Menu & Live Tiles: Combines the best of traditional Windows desktop navigation with real-time app updates and customizable tiles.Built-in Security & Protection: Stay guarded with built-in features including Windows Defender Antivirus, firewall protections, and Windows Hello for fast, keyless sign-ins.Microsoft Edge & Cortana: Browse the web faster with the built-in Microsoft Edge browser and manage your schedule using the Cortana digital voice assistant.Game Mode & DirectX 12: Optimize hardware performance during gaming sessions with dedicated Game Mode support and high-performance DirectX 12 graphics API.Instant Digital Delivery: Receive your genuine license key along with step-by-step setup instructions directly in your email.Feature OverviewFeatureDetailsStart Menu & Live TilesQuick access to your favorite apps, files, and customizable live updates.Windows HelloFast, password-free login via facial recognition or fingerprint scanning.Windows DefenderComprehensive, real-time antivirus and network security pre-installed.Virtual DesktopsCreate separate workspaces for work, gaming, and personal browsing.Game ModePrioritizes system resources (CPU/GPU) for a smoother gaming performance.",in stock,new,122.00 USD,https://www.esoftwarestore.com/product/windows-10-home-1pc-lifetime-license-multi-lingual,https://esoftwarestore-api.onrender.com/uploads/products/1785067251181-f68b6019e4b8.jpg,eSoftware Store,10.00 USD,,Windows,Software > Computer Software
6a65d659ae2278cebc28f750,Windows 10 Pro | 1PC-1User | Lifetime License,"Windows 10 Pro | 1PC Key | Digital Delivery | Lifetime License -100% Digital Delivery Within 24 Hrs After purchase -Product will Activate Windows 10 Pro Full retail edition -Yes It can be upgrade from Windows 10 Home to Windows 10 Pro -Before Buying Please check eighter Windows 10 already installed on your computer or your Hardware is compatible with Windows 10 For any Support, Help or quarries contact us by WhatsApp on +447520642304 Microsoft Windows 10 Pro – 1 PC / 1 UserReliable, secure, and versatile, Windows 10 Pro remains the gold standard operating system for businesses, professionals, and power users worldwide. Combining the familiar, easy-to-use Start Menu with powerful business-grade encryption, remote management features, and fast performance, Windows 10 Pro provides a rock-solid foundation for any PC.🔑 Key Features & BenefitsEnterprise-Grade Security:Keep your sensitive files safe with BitLocker device encryption, advanced data protection (WIP), and integrated Windows Defender Antivirus.Seamless Remote Work:Connect to your desktop from anywhere using Remote Desktop, allowing you to access all your files, folders, and apps remotely without hassle.Advanced Management Tools:Effortlessly join your domain or Azure Active Directory to easily manage network files, printers, and user access across your organization.Hyper-V Virtualization:Run virtual machines directly on your PC to test different operating systems or isolated software environments without affecting your main system.📋 Product SpecificationsFeatureDetailsProductMicrosoft Windows 10 ProLicense TypeGenuine Retail / Lifetime KeyCapacity1 PC / 1 UserSystem Architecture32-bit & 64-bit CompatibleDelivery MethodDigital Email Delivery (Within 24 Hours)SubscriptionOne-Time Purchase (No monthly or annual fees)",in stock,new,100.00 USD,https://www.esoftwarestore.com/product/windows-10-pro-1pc-1user-lifetime-license,https://esoftwarestore-api.onrender.com/uploads/products/1785065588305-4cdf39c51de3.jpg,eSoftware Store,7.00 USD,,Windows,Software > Computer Software
6a65f59d8ff00e4aa6a98830,Windows 11 Home | 1PC | 1User Lifetime Multilingual,"-100% Digital Delivery Within 24 Hrs After purchase -Product will Activate Windows 11 Home Full retail edition. -Yes It can be upgrade from Windows 11 Pro to Windows 11 Pro Workstation -Before Buying Please check eighter Windows 11 already installed on your computer or your Hardware is compatible with Windows 11 -For any Support, Help or queries contact us by WhatsApp on +447520642304 Microsoft Windows 11 Home (1 PC / Lifetime License)Upgrade your everyday computing experience with Microsoft Windows 11 Home. Re-imagined for the modern era, Windows 11 Home brings a sleek, intuitive design, powerful multitasking tools, and built-in security features to help you create, learn, work, and play seamlessly. Enjoy lifetime access with a single, one-time activation.Key Features & HighlightsLifetime License / One-Time Purchase: Pay once and enjoy full, permanent access on a single PC—no subscriptions or recurring fees.Modernized & Clean Interface: Features a centered Start menu, rounded corners, clean layouts, and soft soundscapes designed to simplify your digital workflow.Smart Multitasking Tools: Organize open windows instantly using Snap Layouts, Snap Groups, and Custom Desktops to keep your workspace clutter-free.Built-in Security & Protection: Stay defended with comprehensive, out-of-the-box safeguards including Windows Hello facial/fingerprint recognition, Microsoft Defender Antivirus, and SmartApp Control.Next-Level Gaming Capabilities: Unlock high-performance PC gaming with Auto HDR for vibrant visual depth, DirectStorage for faster game loading times, and full integration with DirectX 12 Ultimate.Instant Digital Delivery: Get your official activation key and official setup link delivered straight to your email.Feature OverviewFeatureDetailsSnap Layouts & GroupsArrange windows into customized grids with a single click or hover.Windows HelloSecure, PIN-free login via facial recognition or fingerprint scanning.Widgets PanelQuick access to tailored news, weather, calendar events, and photos.Microsoft Teams IntegrationConnect instantly via chat, voice, or video directly from the taskbar.DirectStorage & Auto HDRServer-grade load speeds and enhanced dynamic range for modern PC games.",in stock,new,79.00 USD,https://www.esoftwarestore.com/product/windows-11-home-1pc-1user-lifetime-multilingual,https://esoftwarestore-api.onrender.com/uploads/products/1785066900066-fb70fcbadab3.jpg,eSoftware Store,10.00 USD,,Windows,Software > Computer Software
6a65eff78ff00e4aa6a9869e,Windows 11 Pro for Workstation | 1PC-1User Lifetime License,"-100% Digital Delivery Within 24 Hrs After purchase -Product will Activate Windows 11 Pro Workstation Full retail edition. -Yes It can be upgrade from Windows 11 Pro to Windows 11 Pro Workstation -Before Buying Please check eighter Windows 11 already installed on your computer or your Hardware is compatible with Windows 11 -For any Support, Help or qurries contact us by whatsapp on +447520642304 Microsoft Windows 11 Pro for Workstations (1 PC / Lifetime)Power through heavy workloads, complex computations, and high-volume data crunching with Windows 11 Pro for Workstations. Engine-built for advanced users, data scientists, 3D animators, CAD designers, and media production professionals, this high-performance edition delivers server-grade hardware support and advanced file protection directly to your desktop.Key Features & Performance CapabilitiesHigh-Capacity Hardware Support: Scales up to 4 CPUs and 6 TB of RAM to easily handle multi-threaded, memory-intensive applications without bottlenecking.Server-Grade Intel Xeon & AMD Threadripper/EPYC Support: Built to leverage high-core-count multi-processor architectures.ReFS (Refs System File): Uses Resilient File System technology to detect and automatically repair corrupted data on mirror spaces, ensuring maximum integrity for huge data volumes.Persistent Memory (NVDIMM-N): Provides non-volatile memory speed, allowing your system to read and write files at the fastest possible rate and keep data accessible even when power is turned off.SMB Direct (Remote Direct Memory Access / RDMA): Enables faster file sharing between network devices with low latency and minimal CPU usage.Advanced Enterprise Security: Includes BitLocker encryption, Windows Defender, Hyper-V virtualization, and TPM 2.0 hardware security.Digital Delivery: Instant email receipt of your genuine product key along with simple installation steps.Features ComparisonFeatureWindows 11 ProWindows 11 Pro for WorkstationsMax CPU SupportUp to 2 CPUsUp to 4 CPUsMax RAM Support2 TB6 TBReFS Data ProtectionBasicAdvanced / Full SupportSMB Direct (RDMA)NoIncludedPersistent MemoryNoIncluded",in stock,new,100.00 USD,https://www.esoftwarestore.com/product/windows-11-pro-for-workstation-1pc-1user-lifetime-license,https://esoftwarestore-api.onrender.com/uploads/products/1785065432400-147ef0e4a5d2.jpg,eSoftware Store,29.00 USD,,Windows,Software > Computer Software
6a4673cefefb2935e856e07b,Windows 11 Pro | 1PC-1User |lifetime License,"Windows 11 Pro | 1PC Key | Digital Delivery | Lifetime License -100% Digital Delivery Within 24 Hrs After purchase -Product will Activate Windows 11 Pro Full retail edition -Yes It can be upgrade from Windows 11 Home to Windows 11 Pro -Before Buying Please check eighter Windows 11 already installed on your computer or your Hardware is compatible with Windows 11 - For any Support, Help or qurries contact us by whatsapp on +447520642304 Here is a clean, professional, and e-commerce-ready product description tailored for Windows 11 Pro (1 PC / 1 User): Microsoft Windows 11 Pro – 1 PC / 1 User Elevate your computing experience with Windows 11 Pro, designed for modern professionals, remote workers, and businesses. Combining a sleek, intuitive new design with powerful enterprise-grade security and productivity tools, Windows 11 Pro gives you everything you need to work, create, and secure your digital world. 🔑 Key Features & Benefits Enhanced Hardware-Backed Security: Protects your data with built-in BitLocker Device Encryption, Windows Defender Antivirus, and TPM 2.0 integration to keep your system safe from modern cyber threats. Professional Business Tools: Includes advanced management features such as Remote Desktop access, Hyper-V virtualization, and seamless joining with Active Directory or Azure Active Directory. Smarter Multitasking: Organize your workspace effortlessly with Snap Layouts, Snap Groups, and custom virtual desktops tailored for work, personal use, or gaming. Performance & Speed: Faster wake-up times, smoother browsing, and optimized background performance ensure your PC runs at peak efficiency.",in stock,new,279.00 USD,https://www.esoftwarestore.com/product/windows-11-pro1,https://esoftwarestore-api.onrender.com/uploads/products/1785065568579-8a45529da7c3.jpg,eSoftware Store,7.00 USD,,Windows,Software > Computer Software
6a697fe8e94b3dc90951086b,Windows Server 2019 Standard Edition,"-100% Digital Delivery Within 24 Hours After Purchase. -Product will activate Windows Server 2019 Standard Edition with a valid license for professional server management and business infrastructure use. -Compatible with supported Windows Server environments and designed for businesses, organizations, IT professionals, and system administrators. -On purchase of this product, you will receive the required Windows Server 2019 Standard activation details/license information to download, install, and activate the server operating system. -Windows Server 2019 Standard License provides a reliable platform for managing server workloads, applications, users, networks, and business data efficiently. -This is a multilingual license, allowing users to configure Windows Server 2019 Standard in their preferred supported language. -Suitable for small businesses, enterprises, developers, and IT professionals looking for a secure, stable, and scalable server operating system. -For any support, assistance, or queries, contact our customer support team via WhatsApp: +447520642304. Windows Server 2019 Standard Edition is a reliable and powerful server operating system designed for businesses, organizations, IT professionals, and system administrators who need a secure platform for managing their digital infrastructure. It provides a stable environment for running applications, managing users, handling network resources, and supporting essential business operations. Built on Microsoft’s trusted Windows Server technology, Windows Server 2019 Standard Edition delivers a professional server experience with improved reliability, performance, and compatibility. It is suitable for small and medium-sized businesses as well as enterprise environments that require efficient server management and dependable operations. Windows Server 2019 Standard helps organizations create a strong IT foundation for file management, application hosting, database operations, user administration, and network services. It provides administrators with the tools needed to configure, maintain, and manage server environments effectively. Designed for modern business requirements, Windows Server 2019 Standard Edition supports flexible deployment options and helps organizations maintain a secure and productive computing environment. It is an ideal choice for companies looking to upgrade their existing server infrastructure or build a new professional server setup.",in stock,new,399.00 USD,https://www.esoftwarestore.com/product/windows-server-2019-standard-edition,https://esoftwarestore-api.onrender.com/uploads/products/1785486843930-c420d48c841e.jpg,eSoftware Store,49.00 USD,,Windows,Software > Computer Software
S22S,Windows Server 2022 Standard Edition — Server 2022 Standard Edition,"-100% Digital Delivery Within 24 Hrs After purchase. -Product will Activate Windows server 2022 for 1year. -It will Work with Windows. -On purchase this Product You will get Random Account that you can use at windows.com and from there you can download and install Product. -It is multilingual License for 1 Year only. -For any Support, Help or queries contact us by WhatsApp on +447520642304. Windows Server 2022 Standard Edition is a reliable and powerful server operating system designed for businesses, organizations, and IT professionals that require a secure and stable platform for managing their digital infrastructure. It provides a professional environment for running applications, managing users, storing data, and supporting essential business operations. Built on Microsoft’s trusted Windows Server platform, Windows Server 2022 Standard Edition delivers improved reliability, performance, and compatibility for modern server environments. It is suitable for small and medium-sized businesses as well as enterprise setups that need a dependable operating system for their server requirements. Windows Server 2022 Standard helps organizations create an efficient IT environment for file management, application hosting, network administration, and business workloads. It provides administrators with powerful management capabilities to maintain, configure, and monitor server systems effectively. Designed for professional use, Windows Server 2022 Standard Edition offers a familiar Windows interface and supports flexible deployment across different business environments. It helps organizations maintain smooth operations while providing a strong foundation for future growth and technology requirements. Whether you are upgrading an existing server, setting up a new business network, or managing enterprise applications, Windows Server 2022 Standard Edition provides a trusted and efficient server solution. It is an ideal choice for organizations looking for a stable, scalable, and professional server operating system for their IT infrastructure.",in stock,new,350.00 USD,https://www.esoftwarestore.com/product/windows-server-2022-standard-edition,https://esoftwarestore-api.onrender.com/uploads/products/1785228390966-95b919db96c2.jpg,eSoftware Store,45.00 USD,6a683ff547d1c4a7fe040921,Windows,Software > Computer Software
S22S5050,Windows Server 2022 Standard Edition — Server 2022 Standard with 50 User & 50 Device CALs,"-100% Digital Delivery Within 24 Hrs After purchase. -Product will Activate Windows server 2022 for 1year. -It will Work with Windows. -On purchase this Product You will get Random Account that you can use at windows.com and from there you can download and install Product. -It is multilingual License for 1 Year only. -For any Support, Help or queries contact us by WhatsApp on +447520642304. Windows Server 2022 Standard Edition is a reliable and powerful server operating system designed for businesses, organizations, and IT professionals that require a secure and stable platform for managing their digital infrastructure. It provides a professional environment for running applications, managing users, storing data, and supporting essential business operations. Built on Microsoft’s trusted Windows Server platform, Windows Server 2022 Standard Edition delivers improved reliability, performance, and compatibility for modern server environments. It is suitable for small and medium-sized businesses as well as enterprise setups that need a dependable operating system for their server requirements. Windows Server 2022 Standard helps organizations create an efficient IT environment for file management, application hosting, network administration, and business workloads. It provides administrators with powerful management capabilities to maintain, configure, and monitor server systems effectively. Designed for professional use, Windows Server 2022 Standard Edition offers a familiar Windows interface and supports flexible deployment across different business environments. It helps organizations maintain smooth operations while providing a strong foundation for future growth and technology requirements. Whether you are upgrading an existing server, setting up a new business network, or managing enterprise applications, Windows Server 2022 Standard Edition provides a trusted and efficient server solution. It is an ideal choice for organizations looking for a stable, scalable, and professional server operating system for their IT infrastructure.",in stock,new,450.00 USD,https://www.esoftwarestore.com/product/windows-server-2022-standard-edition,https://esoftwarestore-api.onrender.com/uploads/products/1785228413263-edecc8acdb94.jpg,eSoftware Store,95.00 USD,6a683ff547d1c4a7fe040921,Windows,Software > Computer Software
S22D,Windows Server 2022 Standard Edition — Server 2022 Datacenter Edition,"-100% Digital Delivery Within 24 Hrs After purchase. -Product will Activate Windows server 2022 for 1year. -It will Work with Windows. -On purchase this Product You will get Random Account that you can use at windows.com and from there you can download and install Product. -It is multilingual License for 1 Year only. -For any Support, Help or queries contact us by WhatsApp on +447520642304. Windows Server 2022 Standard Edition is a reliable and powerful server operating system designed for businesses, organizations, and IT professionals that require a secure and stable platform for managing their digital infrastructure. It provides a professional environment for running applications, managing users, storing data, and supporting essential business operations. Built on Microsoft’s trusted Windows Server platform, Windows Server 2022 Standard Edition delivers improved reliability, performance, and compatibility for modern server environments. It is suitable for small and medium-sized businesses as well as enterprise setups that need a dependable operating system for their server requirements. Windows Server 2022 Standard helps organizations create an efficient IT environment for file management, application hosting, network administration, and business workloads. It provides administrators with powerful management capabilities to maintain, configure, and monitor server systems effectively. Designed for professional use, Windows Server 2022 Standard Edition offers a familiar Windows interface and supports flexible deployment across different business environments. It helps organizations maintain smooth operations while providing a strong foundation for future growth and technology requirements. Whether you are upgrading an existing server, setting up a new business network, or managing enterprise applications, Windows Server 2022 Standard Edition provides a trusted and efficient server solution. It is an ideal choice for organizations looking for a stable, scalable, and professional server operating system for their IT infrastructure.",in stock,new,350.00 USD,https://www.esoftwarestore.com/product/windows-server-2022-standard-edition,https://esoftwarestore-api.onrender.com/uploads/products/1785228462245-7dad86985230.jpg,eSoftware Store,45.00 USD,6a683ff547d1c4a7fe040921,Windows,Software > Computer Software
windows-server-2022-standard-edition-server-2022-datacenter-edition-wi,Windows Server 2022 Standard Edition — Server 2022 Datacenter Edition with 50 Device & 50 User CALs,"-100% Digital Delivery Within 24 Hrs After purchase. -Product will Activate Windows server 2022 for 1year. -It will Work with Windows. -On purchase this Product You will get Random Account that you can use at windows.com and from there you can download and install Product. -It is multilingual License for 1 Year only. -For any Support, Help or queries contact us by WhatsApp on +447520642304. Windows Server 2022 Standard Edition is a reliable and powerful server operating system designed for businesses, organizations, and IT professionals that require a secure and stable platform for managing their digital infrastructure. It provides a professional environment for running applications, managing users, storing data, and supporting essential business operations. Built on Microsoft’s trusted Windows Server platform, Windows Server 2022 Standard Edition delivers improved reliability, performance, and compatibility for modern server environments. It is suitable for small and medium-sized businesses as well as enterprise setups that need a dependable operating system for their server requirements. Windows Server 2022 Standard helps organizations create an efficient IT environment for file management, application hosting, network administration, and business workloads. It provides administrators with powerful management capabilities to maintain, configure, and monitor server systems effectively. Designed for professional use, Windows Server 2022 Standard Edition offers a familiar Windows interface and supports flexible deployment across different business environments. It helps organizations maintain smooth operations while providing a strong foundation for future growth and technology requirements. Whether you are upgrading an existing server, setting up a new business network, or managing enterprise applications, Windows Server 2022 Standard Edition provides a trusted and efficient server solution. It is an ideal choice for organizations looking for a stable, scalable, and professional server operating system for their IT infrastructure.",in stock,new,350.00 USD,https://www.esoftwarestore.com/product/windows-server-2022-standard-edition,https://esoftwarestore-api.onrender.com/uploads/products/1785228478635-4b9406e91e26.jpg,eSoftware Store,95.00 USD,6a683ff547d1c4a7fe040921,Windows,Software > Computer Software
S25S5050,Windows Server 2025 Standard Edition — Windows server 2025 Satndard with 50 User and 50 Device CALs,"-100% Digital Delivery Within 24 Hours After Purchase. -Product will activate Windows Server 2025 Standard Edition with a valid license for server deployment and professional use. -Compatible with supported Windows Server environments and designed for businesses, organisations, and IT professionals requiring reliable server performance. -On purchase of this product, you will receive the required Windows Server 2025 Standard activation details/license information to download, install, and activate the operating system. -Windows Server 2025 Standard License provides a secure and powerful platform for managing business applications, users, networks, virtualization, and server workloads. -This is a multilingual license, allowing users to configure Windows Server 2025 Standard in their preferred supported language. -Suitable for businesses, enterprises, IT administrators, and organisations looking for a stable, secure, and scalable server operating system. -For any support, assistance, or queries, contact our customer support team via WhatsApp: +447520642304. Microsoft Windows Server 2025 Standard is a modern, enterprise-grade server operating system designed to keep business IT infrastructure secure, high-performing, and cloud-ready. Engineered for physical hardware or lightly virtualized environments, this release bridges local data centers with Microsoft Azure, allowing IT teams to monitor workloads, streamline administrative management, and utilize cloud capabilities from a single unified ecosystem. Built with advanced security as a core focus, Windows Server 2025 includes enhanced Active Directory protections, automated brute-force defenses, and secure remote file access that eliminates the need for complex VPNs. Performance is significantly optimized to support high-throughput NVMe storage and modern database requirements with lower latency and higher operational efficiency. Featuring an updated, user-friendly desktop experience based on the modern Windows interface alongside deeper hybrid-cloud connectivity, Windows Server 2025 Standard provides a reliable, high-speed, and future-proof digital foundation for growing organizations.",in stock,new,300.00 USD,https://www.esoftwarestore.com/product/windows-server-2025-standard,https://esoftwarestore-api.onrender.com/uploads/products/1785225825242-5bd2d4577d27.jpg,eSoftware Store,80.00 USD,6a683abb374539a8aceef5f3,Windows,Software > Computer Software
S25D,Windows Server 2025 Standard Edition — Windows Server 2025 Datacenter Edition,"-100% Digital Delivery Within 24 Hours After Purchase. -Product will activate Windows Server 2025 Standard Edition with a valid license for server deployment and professional use. -Compatible with supported Windows Server environments and designed for businesses, organisations, and IT professionals requiring reliable server performance. -On purchase of this product, you will receive the required Windows Server 2025 Standard activation details/license information to download, install, and activate the operating system. -Windows Server 2025 Standard License provides a secure and powerful platform for managing business applications, users, networks, virtualization, and server workloads. -This is a multilingual license, allowing users to configure Windows Server 2025 Standard in their preferred supported language. -Suitable for businesses, enterprises, IT administrators, and organisations looking for a stable, secure, and scalable server operating system. -For any support, assistance, or queries, contact our customer support team via WhatsApp: +447520642304. Microsoft Windows Server 2025 Standard is a modern, enterprise-grade server operating system designed to keep business IT infrastructure secure, high-performing, and cloud-ready. Engineered for physical hardware or lightly virtualized environments, this release bridges local data centers with Microsoft Azure, allowing IT teams to monitor workloads, streamline administrative management, and utilize cloud capabilities from a single unified ecosystem. Built with advanced security as a core focus, Windows Server 2025 includes enhanced Active Directory protections, automated brute-force defenses, and secure remote file access that eliminates the need for complex VPNs. Performance is significantly optimized to support high-throughput NVMe storage and modern database requirements with lower latency and higher operational efficiency. Featuring an updated, user-friendly desktop experience based on the modern Windows interface alongside deeper hybrid-cloud connectivity, Windows Server 2025 Standard provides a reliable, high-speed, and future-proof digital foundation for growing organizations.",in stock,new,300.00 USD,https://www.esoftwarestore.com/product/windows-server-2025-standard,https://esoftwarestore-api.onrender.com/uploads/products/1785227192519-03ec31014c44.jpg,eSoftware Store,40.00 USD,6a683abb374539a8aceef5f3,Windows,Software > Computer Software
S25D5050,Windows Server 2025 Standard Edition — Windows Server 2025 Data Center with 50 user and 50 Device Cals,"-100% Digital Delivery Within 24 Hours After Purchase. -Product will activate Windows Server 2025 Standard Edition with a valid license for server deployment and professional use. -Compatible with supported Windows Server environments and designed for businesses, organisations, and IT professionals requiring reliable server performance. -On purchase of this product, you will receive the required Windows Server 2025 Standard activation details/license information to download, install, and activate the operating system. -Windows Server 2025 Standard License provides a secure and powerful platform for managing business applications, users, networks, virtualization, and server workloads. -This is a multilingual license, allowing users to configure Windows Server 2025 Standard in their preferred supported language. -Suitable for businesses, enterprises, IT administrators, and organisations looking for a stable, secure, and scalable server operating system. -For any support, assistance, or queries, contact our customer support team via WhatsApp: +447520642304. Microsoft Windows Server 2025 Standard is a modern, enterprise-grade server operating system designed to keep business IT infrastructure secure, high-performing, and cloud-ready. Engineered for physical hardware or lightly virtualized environments, this release bridges local data centers with Microsoft Azure, allowing IT teams to monitor workloads, streamline administrative management, and utilize cloud capabilities from a single unified ecosystem. Built with advanced security as a core focus, Windows Server 2025 includes enhanced Active Directory protections, automated brute-force defenses, and secure remote file access that eliminates the need for complex VPNs. Performance is significantly optimized to support high-throughput NVMe storage and modern database requirements with lower latency and higher operational efficiency. Featuring an updated, user-friendly desktop experience based on the modern Windows interface alongside deeper hybrid-cloud connectivity, Windows Server 2025 Standard provides a reliable, high-speed, and future-proof digital foundation for growing organizations.",in stock,new,300.00 USD,https://www.esoftwarestore.com/product/windows-server-2025-standard,https://esoftwarestore-api.onrender.com/uploads/products/1785227298028-078af975567a.jpg,eSoftware Store,80.00 USD,6a683abb374539a8aceef5f3,Windows,Software > Computer Software
S25SP,Windows Server 2025 Standard Edition — Windows Server 2025 Standard Edition,"-100% Digital Delivery Within 24 Hours After Purchase. -Product will activate Windows Server 2025 Standard Edition with a valid license for server deployment and professional use. -Compatible with supported Windows Server environments and designed for businesses, organisations, and IT professionals requiring reliable server performance. -On purchase of this product, you will receive the required Windows Server 2025 Standard activation details/license information to download, install, and activate the operating system. -Windows Server 2025 Standard License provides a secure and powerful platform for managing business applications, users, networks, virtualization, and server workloads. -This is a multilingual license, allowing users to configure Windows Server 2025 Standard in their preferred supported language. -Suitable for businesses, enterprises, IT administrators, and organisations looking for a stable, secure, and scalable server operating system. -For any support, assistance, or queries, contact our customer support team via WhatsApp: +447520642304. Microsoft Windows Server 2025 Standard is a modern, enterprise-grade server operating system designed to keep business IT infrastructure secure, high-performing, and cloud-ready. Engineered for physical hardware or lightly virtualized environments, this release bridges local data centers with Microsoft Azure, allowing IT teams to monitor workloads, streamline administrative management, and utilize cloud capabilities from a single unified ecosystem. Built with advanced security as a core focus, Windows Server 2025 includes enhanced Active Directory protections, automated brute-force defenses, and secure remote file access that eliminates the need for complex VPNs. Performance is significantly optimized to support high-throughput NVMe storage and modern database requirements with lower latency and higher operational efficiency. Featuring an updated, user-friendly desktop experience based on the modern Windows interface alongside deeper hybrid-cloud connectivity, Windows Server 2025 Standard provides a reliable, high-speed, and future-proof digital foundation for growing organizations.",in stock,new,300.00 USD,https://www.esoftwarestore.com/product/windows-server-2025-standard,https://esoftwarestore-api.onrender.com/uploads/products/1785227551826-045cb715a1a2.jpg,eSoftware Store,40.00 USD,6a683abb374539a8aceef5f3,Windows,Software > Computer Software
